genreId,movieId
1,H1
1,H3
1,H7
1,H8
2,H9
2,H10
2,H11
2,H12
2,H13
3,H14
2,H15
2,H16
2,H17
4,H18
2,H19
5,H20
1,H21
6,H22
5,H23
2,H24
3,H25
7,H25
2,H26
2,H27
2,H28
2,H29
2,H30
2,H31
1,H32
1,H33
2,H34
3,H35
2,H36
2,H37
2,H38
2,H39
2,H42
2,H43
2,H44
2,H45
1,H46
2,H47
2,H48
2,H49
2,H50
2,H51
2,H52
2,H53
2,H57
2,H61
8,H61
2,H65
2,H69
2,H73
2,H79
2,H80
2,H81
2,H82
2,H83
2,H84
9,H40
9,H41
2,H54
2,H55
2,H56
2,H58
2,H59
2,H60
2,H62
2,H63
2,H64
2,H66
2,H67
2,H68
2,H70
2,H71
2,H72
2,H74
2,H75
2,H76
2,H77
2,H78
8,WKD10
7,WKD50
8,ALu2
8,ALu3
7,ALu5
8,ALu6
10,ALu30
7,ESP9
7,ESP10
11,ESP11
11,ESP12
1,ESP25
1,ESP26
1,ESP27
1,ESP28
1,ESP40
12,GMs4
13,GMs6
14,GMs6
13,GMs8
12,GMs20
1,AMv10
12,WRB10
1,CPa50
15,WHa1
16,WHa8
9,WMc10
4,ThE10
16,ThE10
9,JaC1
11,JaC10
11,JaC15
11,JaC20
11,JaC23
9,JaC25
4,JaC28
11,GKS60
17,LMi1
17,LMi5
1,LMi23
1,LMi25
1,LMi35
1,DWG7
1,DWG8
1,DWG9
16,DWG10
7,DWG11
11,DWG15
1,DWG27
16,DWG40
11,DWG49
1,DWG50
18,DWG51
18,DWG52
1,DWG52
1,DWG55
1,DWG57
3,DWG58
1,DWG64
18,DWG67
11,DWG71
1,DWG71
1,DWG72
8,DWG72
16,DWG80
3,Z0210
3,Z0220
3,Z0230
3,Z0240
3,Z0250
3,Z0260
3,Z0270
14,EiC10
17,GdL10
1,MCs2
1,MCs3
1,MCs10
14,WMk10
3,FkP10
1,GlS10
19,ISB10
1,ThB10
1,ThB30
1,ThB55
1,UgF10
3,UgF12
9,APv11
1,AuB10
11,ThI10
11,ThI18
11,ThI33
12,ThI40
11,ThI65
1,UrG10
1,WmH10
1,ADw5
1,ADw6
9,ADw17
9,ADw22
3,ADw27
3,ADw35
1,ADw40
10,ADw45
4,ADw52
10,ADw60
11,ADw70
11,ADw72
11,ADw75
9,ADw78
1,ADw80
1,AEG37
1,AEG41
5,AEG50
16,AEG60
4,AEG60
16,AEG70
4,AEG70
7,JCw41
3,JCw44
7,JCw50
1,JCw53
18,JCw57
1,JCw61
3,JCw62
7,JDu10
20,MaT10
1,MaT25
1,MaT27
20,MaT40
16,LMe10
1,LoW3
1,LoW5
4,LoW11
2,ME180
2,ME240
7,MSe10
7,MSe15
7,MSe18
7,MSt30
1,MSt30
3,MSt40
1,MSt53
17,SiO10
17,SiO30
1,VSj1
1,VSj6
16,VSj7
1,VSj8
20,Z1210
20,Z1220
20,Z1230
1,ElR10
3,NOx20
21,AcG10
11,BuG10
4,CDM0
11,CDM1
1,CDM3
1,CDM5
1,CDM6
1,CDM7
1,CDM9
1,CDM15
1,CDM17
1,CDM18
1,CDM19
1,CDM22
11,CDM32
3,CDM40
18,CDM45
18,CDM51
1,CDM55
18,CDM56
1,CDM59
11,CDM64
18,CDM68
9,CDM68
18,CDM75
18,CDM77
18,CDM78
3,CDM78
18,CDM79
18,CDM80
1,EGz10
1,GBS10
1,GBS20
1,GBS30
1,GBS40
8,GBS42
1,GBS90
1,GBS92
11,GBS92
1,GBS93
1,GBS95
1,GBS96
1,GBS97
1,GBS98
1,GBS100
1,GBS102
1,GBS103
7,GBS110
11,GBS115
1,GBS120
7,GBS130
7,GBS132
1,GBS140
7,GBS144
7,GBS145
7,GBS150
1,BHd10
1,DGP1
10,HBn5
12,HBn8
3,HBn25
10,HBn30
10,HBn40
1,HHS1
1,HHS3
1,HHS6
1,HHS8
8,HHS9
8,HHS12
8,HHS13
8,HHS14
8,HHS15
8,HHS16
8,HHS22
8,HHS24
8,HHS26
8,HHS28
8,HHS36
8,HHS38
8,HHS48
8,HHS50
9,Z4210
9,Z4215
9,Z4220
9,Z4222
9,Z4225
9,Z4230
9,Z4240
7,ADA10
1,AK50
1,AK59
3,AK90
16,AK90
7,AK96
1,CC1
1,CC43
7,CC50
7,CC52
7,CC62
7,CC66
1,CC68
1,CC70
1,CC72
1,CC73
7,CC75
7,CC78
7,CC80
1,CC80
7,CGl10
18,CGl42
18,CGl44
18,CGl46
18,CGl48
1,CGl115
7,CWl10
8,ECs10
1,ECs10
7,El9
7,El13
7,El15
1,EL19
1,EL21
7,EL28
1,EL29
1,EL31
7,EL33
7,EL34
7,El35
1,EL36
1,EL37
1,EL38
1,EL39
1,EL40
3,EL42
3,EL44
16,EL44
7,EL46
3,EL48
4,EL52
4,EL53
4,EL54
3,EL56
4,EL56
3,EL57
4,EL61
7,EL63
3,EL64
3,EL65
7,EL67
3,EL68
3,EL69
1,PFo10
18,PFo10
10,PFo10
1,PFo15
1,PFo20
1,PFo25
1,ReB8
1,ReB10
1,ASa14
1,ASa29
1,ASa30
3,ASa31
1,ASa34
7,ASa39
1,ASa41
1,ASa47
1,ASa49
16,ASa50
1,ASa51
1,ECa62
4,ECa64
9,ECa65
22,GD19
3,GMf20
1,GMf21
3,GMf40
3,GMf50
15,GMf60
1,GMf70
1,GuS10
1,GuS12
16,IGA50
16,IGA70
7,JGE10
17,JGE18
18,JGE20
1,JGE25
1,JMa30
7,LaW10
15,LFl30
23,LFl50
20,LFl70
9,RaW2
7,RaW20
1,RaW47
9,RaW59
16,RaW59
4,RaW59
4,RaW60
20,RaW62
16,RaW63
3,RaW64
9,RaW66
1,RaW72
4,RaW73
11,RaW75
11,RaW77
9,RaW78
11,RaW80
3,RaW82
1,RaW85
1,RaW87
7,SG30
16,SG33
16,SG37
16,SG43
5,SG54
1,SG60
1,SG66
5,SG69
5,SG71
7,SG71
8,WDT10
3,WDT19
1,WDT27
1,Z1510
1,Z1512
1,Z1514
1,Z1516
1,Z1518
1,Z1520
1,Z1522
1,Z1524
1,Z1526
1,Z1528
1,Z1530
1,Z1532
1,Z1536
1,Z1538
1,Z1540
1,Z1542
1,Z1544
1,Z1546
1,Z1548
1,Z1550
1,Z1552
1,Z1554
1,Z1556
1,Z1558
1,Z1560
1,Z1562
1,Z1564
1,Z1566
1,Z1568
1,Z1570
1,Z1572
7,Z1578
16,AG20
18,AG20
1,AG30
16,AG40
18,AG40
1,AG50
17,AG65
17,AG70
24,ECn167
11,ECn168
7,ECn168
7,ECn169
4,ECn177
7,ECn177
1,HK25
4,HK30
7,HK50
1,HK56
17,HK58
1,HK66
4,HK67
9,HK69
1,HK76
16,HK77
9,HK80
2,HK82
11,HK83
18,HK86
9,HK89
3,HK89
3,HK91
9,HK92
9,HK94
7,JqF4
7,JqF6
1,JqF25
1,JqF30
7,JqF40
9,JqF50
3,JqF50
1,MaN30
7,MaN35
3,MaN40
1,SFr42
7,SFr42
7,SFr43
1,SFr46
1,SFr60
11,EJL10
3,WDM3
3,WDM5
1,AbA10
25,BsK4
7,BsK6
7,BsK16
7,BsK19
7,BsK21
7,BsK22
7,BsK23
7,BsK24
7,BsK25
7,BsK26
7,BsK27
1,FbM10
1,FLl4
1,FLl7
1,FLl10
16,FLl30
1,FLl40
1,FLl59
3,FLl62
1,FLl70
9,FLl75
11,FLl80
1,FLl85
16,FLl85
9,FLl89
10,FLl99
4,GM190
11,GM200
16,GM222
26,GM223
7,GM225
1,GM226
1,GM227
11,GM235
16,GM237
1,GM237
3,GM237
7,GM238
7,GM240
11,GM240
7,GM242
11,GM300
2,GM305
7,GM305
7,GM310
7,HL1
7,HL2
7,HL3
7,HL4
8,HL4
7,HL8
7,HL20
11,IF15
11,IF43
7,IF75
1,IF76
1,IF78
17,IF79
3,IF81
1,IF83
11,IF86
16,IF87
11,IF88
1,IF91
1,IF92
27,IF94
11,IF99
11,IF100
11,IF101
11,IF103
1,IF106
9,IF108
7,IF111
10,IF111
10,IF112
11,IF112
1,IF115
11,IF120
7,IF125
11,IF129
1,IF135
7,ISR5
15,ISR10
15,ISR30
2,RWN10
15,RWN15
2,RWN20
2,RWN24
2,RWN26
2,RWN28
2,RWN30
2,RWN34
2,RWN36
2,RWN38
2,RWN44
2,RWN46
16,RyB8
7,RyB9
14,RyB9
1,RyB10
1,RyB12
4,RyB14
11,RyB18
7,ViS5
1,ViS58
11,ViS60
4,ViS81
4,ViS83
7,ViS84
7,ViS86
7,ViS87
5,ChB9
1,EvS1
4,EvS6
1,EvS7
9,FrN3
9,FrN4
9,FrN5
9,FrN8
1,FrN11
1,IMS20
1,IMS25
3,IMS30
16,IMS35
1,IMS40
7,IMS50
1,IMS60
1,JKm10
7,KV24
7,KV25
1,KV26
1,KV27
3,KV34
1,KV34
1,KV38
1,KV40
9,KV42
1,KV50
4,KV54
7,KV55
3,KV56
11,KV56
1,KV58
1,KV59
3,KV60
11,KV61
16,KV62
1,TB34
15,TB35
15,TB55
15,TB60
15,TB67
15,TB70
7,WAS77
7,WAS80
3,WAS80
7,WAS82
4,WAS83
7,WAS85
7,WAS95
7,WAS100
3,WAS112
4,WAS112
3,WAS115
7,WAS125
3,WAS130
11,WvD33
1,WvD34
1,WvD36
7,WvD49
3,WvD49
1,WvD50
7,WvD51
4,WvD53
7,WvD54
3,WvD54
28,WvD56
7,WvD57
3,WvD57
4,WvD58
7,WvD60
18,WvD64
16,WvD64
3,WvD65
5,WvD67
7,WvD67
7,WvD69
7,WvD70
3,WvD72
2,WvD75
7,WvD76
7,WvD79
1,WvD79
1,AbP10
1,AbP50
18,C40
15,C91
5,C94
9,C104
9,C106
1,C109
9,C112
3,C113
1,C115
3,C117
16,C118
11,C119
3,C120
11,C122
29,C123
2,C124
4,C126
2,C131
1,C134
4,C135
16,C135
3,C136
1,C136
1,C140
16,C142
9,C143
3,C146
4,C157
7,C160
4,C161
4,C165
9,C171
11,CBa30
3,CBa40
3,CBa45
3,CBa50
5,EmC10
12,FL8
2,FL9
18,FL11
18,FL12
13,FL13
1,FL14
12,FL15
1,FL16
2,FL16
1,FL19
10,FL20
11,FL23
2,FL24
2,FL27
2,FL28
1,FL29
9,FL30
1,FL35
2,FL37
15,FM3
1,FM4
1,FM6
3,FM7
1,FM9
1,FM10
3,FM10
7,FNm5
7,FNm10
7,FNm12
7,FNm18
7,FNm30
7,FNm32
5,GAr58
2,GAr59
7,GAr59
9,GAr60
1,GAr60
7,GAr80
1,GF30
1,GF31
3,GF70
3,GF90
1,GF150
1,GF160
1,GF170
7,HB60
1,HB85
10,HB85
1,HB86
2,HB95
7,HuF8
1,HuF8
3,JuD8
1,JuD10
4,JuD10
7,JuD13
26,JuD15
2,JuD15
7,JuD20
3,JuD20
30,RhS1
4,RhS15
1,RhS20
9,RiO15
7,RiO25
7,RiO30
7,RiO50
15,RW1
15,RW30
3,CBw9
1,CBw12
1,CBw15
1,CBw17
3,CBw18
3,CBw19
1,CBw22
3,CBw27
4,CBw27
3,CBw28
7,CBw30
3,CBw31
16,CBw31
3,CBw32
7,CBw32
16,CBw33
7,CBw35
3,CBw36
16,CBw37
7,CBw38
3,CBw38
3,CBw41
18,CBw41
1,CBw42
1,CBw43
1,CBw45
7,CBw48
3,CBw48
1,CDr9
15,CDr10
1,CDr30
1,CDr40
1,CuB34
4,CuB37
4,CuB39
1,CuB40
7,CuB44
3,FB13
3,FB15
1,FB21
3,FB27
3,FB29
3,FB39
3,FB40
1,FB42
1,FB43
1,FB45
1,FB51
1,FB52
1,GCt20
1,GCt27
7,GCt50
3,GRi10
1,HBl10
7,HBl20
3,HWx9
16,HWx11
16,HWx16
16,HWx17
3,HWx21
4,HWx21
4,HWx22
1,HWx45
2,HWx54
1,HWx55
1,HWx60
7,JWH10
7,JWH20
7,JWH30
7,JWH40
7,JWH48
7,JWH50
11,JWH60
7,JWH70
7,JWH75
7,JWH80
2,JWH100
7,JWH120
1,LPo10
12,LPo10
8,RoF1
8,RoF10
8,RoF20
8,RoF30
1,SW2
1,SW6
3,SW7
4,SW7
7,SW8
7,SW10
7,SW12
1,SW13
1,SW15
1,SW18
7,SW19
1,SW21
9,SW22
7,SW25
1,SW28
2,SW30
16,SW33
1,VF17
1,VF19
1,VF23
1,VF25
9,VF31
9,VF33
9,VF36
1,VF37
7,VF38
3,VF38
16,VF39
9,VF41
10,VF42
12,VF43
1,VF44
12,VF45
1,VF46
3,VF47
1,VF48
7,ViH20
3,AdB21
7,EdS50
7,EdS60
7,EdS65
7,EdS75
3,EHG15
1,EHG20
1,EHG30
1,EHG38
7,EHG48
4,EHG50
7,EHG50
22,HRi4
22,HRi17
22,HRi19
2,PRo55
7,PRo80
5,PRo80
5,PRo83
7,PRo83
7,PRo86
5,PRo86
5,PRo90
7,PRo90
5,PRo93
7,PRo93
5,PRo96
7,PRo96
2,RaI50
2,RaI55
1,RCS10
7,SaT4
7,SaT5
7,SaT6
7,SaT8
7,SaT9
7,SaT10
7,SaT15
1,SaT17
7,SaT20
7,SaT23
1,CBy10
22,DMu4
7,FNm10
15,JEp15
16,LuB15
1,LuB20
1,LuB21
3,WR10
1,WR31
11,WR40
3,WR42
1,WR50
1,WR60
7,WR72
3,WR80
3,WR86
7,WR120
3,WR120
7,AGe10
7,AGe20
1,AC5
10,AC6
9,AC20
16,CMt10
1,GHl7
1,GP3
1,GP9
7,GP9
10,GP11
1,GP13
4,GP13
8,GP14
1,KMz55
1,KMz57
3,KMz70
1,KMz75
7,RC9
4,RC9
1,RC10
7,RC12
7,RC13
3,RC16
12,RC16
12,RC18
2,RC19
7,RC20
1,RC21
1,RC22
7,RFG1
7,RFG3
7,RFG5
20,RFG5
7,RFG7
7,RFG9
7,RFG20
7,RFG22
7,RFG25
7,RFG27
7,RFG30
1,RFG35
7,RFG40
3,RFG40
3,RFG41
15,RuJ3
15,RuJ8
2,TWh20
7,TWh25
1,TWh37
4,TWh41
7,TWh45
3,TWh45
4,TWh50
1,TWh60
1,TWh62
1,WiB25
7,WiB100
5,WiB180
7,WiB180
5,WiB183
7,WiB183
5,WiB186
7,WiB186
5,WiB190
7,WiB190
7,WiB199
7,W25
9,W30
1,W38
1,W40
1,W41
10,W50
11,W55
1,W56
1,W60
9,W66
1,W70
1,W73
1,W74
18,W75
1,W76
10,W77
1,W78
7,W82
5,W82
11,W83
1,W83
11,W85
1,W90
9,W98
9,W100
15,WWo10
20,WWo20
4,Z2310
1,EMH10
18,GLp10
1,GLp15
1,GLp17
9,GLp30
1,JR1
1,JR5
1,JR20
7,JR25
1,JR35
3,JR50
1,JR50
17,JR60
1,JR60
1,JR65
1,JR70
15,JR75
1,JR77
1,JR79
7,JR81
1,JR85
1,JR92
4,JR94
3,JR96
2,PlL1
2,PlL2
1,SET1
1,SET8
31,SE1
1,SE4
8,SE6
8,SE8
8,SE10
8,SE15
16,SE20
8,SE28
16,SE25
16,SE26
16,SE27
1,DBu10
3,DBu10
1,WKH1
1,WKH10
1,WKH14
1,WKH20
1,WKH30
1,WKH35
1,WKH40
1,WKH44
1,WKH45
1,WKH50
7,WKH52
1,WKH60
7,AES10
7,AES11
7,AES70
7,AES74
7,AES80
7,AES85
7,AES90
4,AES90
4,AES100
7,AJG50
10,ArF10
7,ChR10
4,ChR13
7,ChR50
7,ChR60
7,ChR80
7,CLa40
7,CLa60
7,CLa65
7,CLa70
7,CLa75
7,CLa80
7,CLa90
7,CLa95
7,CLa100
7,CLa110
7,CLa114
7,CLa115
7,CLa117
7,CLa120
7,CLa121
7,CLa125
7,CLa127
7,CLa135
7,CLa150
1,EAD10
1,EG3
7,EG10
1,EG10
1,EG11
10,EG16
1,EG17
1,EG18
3,EG23
1,EG25
1,EG20
32,EG20
1,EG27
4,EG28
1,ESl10
1,ESl30
7,GLC2
1,GLC3
1,GLC4
1,GLC6
1,GLC7
3,GLC9
7,GLC11
7,GLC12
1,GLC13
7,GLC13
7,IGB10
5,IGB40
7,IGB40
20,IGB45
7,IGB50
5,IrC51
7,IrC51
9,IrC54
9,IrC55
11,IrC56
11,IrC60
3,IrC67
3,IrC73
16,IrC76
1,IrC77
4,IrC79
16,IrC79
4,IrC81
4,IrC86
7,IrC95
3,LGs10
7,LM2
1,LM9
1,LM10
9,LM11
3,LM11
4,LM15
1,LM17
1,LM20
1,LM22
1,LM25
1,LM26
1,LM29
1,LM38.
2,LM100
20,LM110
1,MoB10
7,PSl10
1,S5
1,S6
3,S10
1,S12
1,S14
4,S14
16,S15
4,S17
1,S21
18,S25
2,ThD50
1,WW30
1,WW41
1,WW42
1,WW43
1,WW44
3,WW45
11,WW47
1,WW54
8,WW60
8,WW61
1,WW63
1,WW64
20,WW65
1,WW66
3,WW67
1,WW73
11,WW80
1,WW82
7,WW84
4,WW85
2,WW87
1,ACa40
15,ACa50
1,ACa60
7,ACa60
1,AM15
4,AM16
1,AM18
1,AM21
9,AM23
1,AM27
4,AM31
12,AM36
9,ASR15
5,ASR40
10,ASR65
33,EBS02
33,EBS03
9,EBS30
9,EBS50
9,EBS60
9,EBS90
7,FC1
7,FC3
7,FC15
16,FC17
7,FC21
1,FC22
1,FC23
7,FC24
3,FC25
4,FC25
25,FC26
3,FC27
9,FC27
5,FC34
12,FC35
3,FC35
1,FC36
7,FC38
4,FC38
7,FC40
13,FC101
1,GMy20
3,Gmy25
20,Gmy35
1,GMy45
10,GuB10
9,HH9
10,HH12
1,HH13
1,HH14
7,HH15
7,HH21
9,HH22
7,HH23
7,HH25
7,HH27
2,HH28
26,HH28
4,HH29
18,HH30
11,HH30
7,HH31
3,HH31
7,HH34
3,HH34
18,HH35
11,HH36
9,HH37
11,HH41
11,HH42
1,LlB21
4,LlB35
4,LlB36
4,LlB50
1,LlB53
2,LlB57
7,LlB57
10,LlB61
11,LlB62
1,LlB64
16,LlB67
1,LlB68
20,LlB68
3,LlB83
16,LlB85
4,LlB85
7,LlB90
4,LlB95
16,LlB95
7,LlB97
4,LlB100
7,LlB100
1,MlW5
4,MlW10
7,MSC10
7,RlW10
1,RlW10
2,RlW10
12,RlW10
5,RVL6
9,RVL10
9,RVL14
2,RVL16
16,RVL17
1,RVL25
15,RVL28
9,RVL32
11,RyT40
2,RyT55
1,VsP10
1,WlD5
3,WlD5
3,WlD6
3,WlD7
3,WlD8
3,WlD15
2,WlD18
2,WlD19
3,WlD20
12,WlD24
16,WlD25
2,WlD29
9,WlD34
16,WlD35
15,WlD36
1,WlD39
3,WlD43
1,WlD45
3,WlD49
12,WlD49
10,WlD51
3,WlD51
2,WlD53
28,WlD54
1,WlD58
1,WlD61
16,WlD65
4,WlD65
4,Z5510
4,Z5512
1,ByH5
12,ByH8
9,ByH10
9,ByH12
13,ByH13
9,ByH15
3,ByH15
13,ByH26
7,CBm10
7,CBm11
7,CBm60
4,DaB3
13,DaB4
3,DaB8
3,DaB9
4,DaB11
4,DaB13
7,DaB17
4,DaB21
7,DaB23
4,DaB28
4,DaB29
4,DaB30
4,DaB31
4,DaB32
4,DaB33
7,DAz5
1,DAz6
3,DAz21
1,DAz23
3,DAz35
4,DAz35
8,DMD25
1,DMD35
9,DMD40
9,DMD50
1,DzV60
7,FTu7
7,FTu10
3,FTu15
7,FTu15
4,FTu19
4,FTu20
7,FTu20
4,Ftu23
2,Ftu25
7,FTu40
1,FTu50
10,FTu50
3,FTu60
7,FTu60
1,HDA6
7,HDA7
1,HoB25
5,HoB50
7,HoB50
5,JTg4
7,JTg4
9,JTg5
5,JTg7
7,JTg7
9,JTg13
1,LoM2
1,LoM6
1,LoM10
10,LoM20
11,LwS90
5,LwS130
7,LwS130
1,LwS166
1,LwS180
4,LwS190
20,MLR4
7,MLR6
1,MLR6
1,MLR7
1,MLR8
1,MLR12
4,MLR14
1,MLR16
1,MLR17
9,MLR18
3,MLR22
1,MLR23
1,MLR27
8,MLR29
10,MLR29
3,MLR30
1,MLR31
18,MLR35
16,MLR39
4,MLR40
3,MLR42
32,MLR43
15,MLR43
2,MLR43
9,MLR50
1,MLR50
4,RFl3
1,RFl5
1,RFl30
1,RFl33
9,RFl75
2,RFl100
2,RFl101
2,RFl102
2,RFl103
2,RFl104
4,REn6
1,REn18
7,REn20
4,REn30
3,REn32
1,REn45
1,REn50
11,REn53
16,REn55
1,REn60
3,RWa10
3,RWa12
3,RWa50
3,RWa65
7,RWa72
5,RWa72
9,RWa90
1,RZL15
4,RZL17
7,RZL19
4,RZL20
16,RZL20
1,RZL22
4,RZL24
4,RZL25
1,RZL26
4,RZL28
1,RZL31
4,RZL37
4,RZL39
7,TeW10
7,TeW15
16,VrS24
1,VrS24
7,VrS25
1,VrS25
1,VrS28
8,WRu10
3,WLa14
3,WLa18
12,WLa19
3,WLa24
4,WLa24
4,WLa27
4,WLa29
7,WLa29
7,WLa38
4,WLa41
4,WLa42
7,WLa43
4,WLa45
7,WLa50
1,YOz7
1,YOz8
1,YOz9
7,YOz10
1,YOz11
1,YOz12
1,YOz15
1,YOz20
1,YOz22
1,YOz75
7,AA13
7,AA29
2,AA37
7,AA38
1,AA41
9,FeF12
7,FeF8
4,FeF8
15,FeF85
1,GRv10
2,GzB1
5,HLa35
7,HLa35
5,HLaD55
7,HLaD55
5,HLa60
7,HLa60
5,HLa65
7,HLa65
5,HLa75
7,HLa75
9,HMR10
7,IvM10
34,LB1
35,LB2
1,LB6
1,LB12
1,LB14
1,LB18
1,LB19
12,LB25
3,LB26
1,LB28
1,LB30
1,LB32
36,LB32
7,LB33
7,LB34
7,LeJ8
26,LeJ8
7,LeJ10
7,LeJ12
9,LeL20
3,LuH8
13,LuH10
9,NT20
9,NT30
4,NT31
4,NT32
7,NT36
4,NT36
1,NT40
4,NT44
7,NT45
7,NT50
1,NT55
1,NT60
8,NT60
4,NT70
16,NT75
8,NT92
3,NT94
4,NT95
3,NT105
7,NT110
7,NT120
7,NT121
4,NT127
4,NT128
9,RTh3
7,RTh4
9,RTh5
9,RTh6
11,RTh8
1,RTh11
7,RTh12
1,RTh12
7,RTh15
4,RTh23
16,RTh27
4,RTh27
16,RTh30
1,RTh35
12,RTh37
12,RTh40
4,RTh42
3,RTh42
9,RTh52
1,RTh53
4,RTh58
1,TG8
37,TG11
7,TG15
7,TG19
2,TG19
7,TG20
3,TG20
3,TG21
3,TG22
7,TG27
7,TG30
4,TG32
12,TG39
7,WaF10
2,WaF15
4,WaF20
9,WaF25
7,WaF40
7,WaF48
1,WD1
12,WD2
12,WD101
14,WD101
12,WD102
12,WD103
14,WD103
14,WD105
12,WD105
1,AD10
18,AD20
18,AD30
10,AD40
1,BVi5
1,BVi12
16,BVi20
1,CJu10
1,DGz10
9,FRJ30
4,GgA9
4,HPo10
1,ICr2
1,ICr4
11,ICr6
1,ICr7
1,ICr10
1,ICr15
1,ICr16
1,ICr19
1,ICr24
7,ICr25
4,ICr25
1,ICr27
3,ICr28
3,ICr30
1,ICr30
12,ICr36
3,ICr36
3,ICr38
2,ICr40
1,IFD25
1,JdL10
1,JdL12
1,JGr5
1,JGr15
1,JGr18
2,JGr23
1,JGr30
7,JS1
4,JS42
1,LiB1
2,LiB2
4,LMC6
7,LMC9
7,LMC12
11,LMC12
1,LMC14
7,LMC15
3,LMC16
4,LMC19
3,LMC23
38,LMC24
4,LuR8
4,LuR10
16,MkD10
16,MkD11
16,MkD12
2,NoL26
9,NoL30
15,NoL36
1,PJ7
1,PJ12
4,RdR10
7,RdR30
2,RdR32
7,RdR37
1,RdR37
1,RdR40
7,RdR44
1,RdR44
9,RdR46
4,RdR48
4,RdR52
4,RdR53
4,RdR54
4,RdR56
4,RdR63
7,RdR66
7,RdR68
4,RdR68
16,RdR70
2,RdR76
2,RdR80
1,RdR90
1,RM1
15,RM3
4,RM4
3,RM6
39,RM--
4,RM10
3,RM13
4,
4,
8,
15,
32,
26,
2,
5,
2,
26,
1,
10,
3,ThF11
4,ThF15
7,ThF17
4,ThF17
3,ThF25
7,ThF25
1,TRu10
8,WeK10
4,WTh3
9,WTh10
9,WTh18
9,WTh19
15,WTh23
1,xGa10
4,Z4910
4,Z4911
4,Z4914
4,Z4915
4,Z4917
4,Z4920
1,BDn2
3,BDn7
5,GC1
7,GC3
1,GC4
1,GC7
1,GC8
1,GC9
7,GC10
7,GC11
1,GC11
1,GC13
7,GC14
1,GC15
3,GC17
1,GC19
1,GC21
1,GC22
7,GC23
1,GC26
7,GC30
1,GC31
3,GC33
3,GC36
4,GC39
1,GC40
4,GC41
16,GC44
40,GC45
3,GC47
7,GC47
4,GC48
12,GC52
1,GC54
7,HAA10
3,HAA10
7,HAA15
3,HAA15
9,HHu1
11,HHu2
5,HMF20
7,HMF20
5,HMF22
7,HMF22
5,HMF25
7,HMF25
7,HMF30
4,HoH10
3,HoH12
8,HPC10
1,IB8
2,IB19
15,IB20
2,IB20
1,IB20
1,IB21
2,IB22
26,IB22
15,IB30
2,IB100
2,IB101
2,IB102
2,IB103
2,IB104
2,IB105
2,IB106
2,IB107
2,IB108
2,IB109
2,IB110
2,IB111
2,IB112
2,IB113
10,IB150
22,JC1
12,JC6
1,JC9
7,JC9
1,JC10
1,JC11
7,JPa7
7,JPa8
7,JPa9
7,JPa10
7,JPa12
7,JPa14
12,JVi10
22,JVi10
16,JVi11
1,JVi21
3,JVi23
15,JW2
15,JW4
7,JW4
13,JW6
15,JW9
4,JW11
4,LSw10
8,MdO10
8,MdO30
8,MdO60
8,MdO62
1,MdO70
1,MdO75
3,MdO81
1,MdO81
3,MdO85
1,MdO85
7,MdO87
1,MdO87
41,MdO100
1,MdO105
8,MdO111
1,MdO111
8,MdO115
1,MdO115
3,MdO121
1,MOp4
1,MOp12
1,MOp14
26,MOp15
1,MOp16
3,MOp19
7,MOp19
1,MOp20
1,MOp21
3,MOp22
4,MOp22
4,MSa6
4,MSa7
4,MSa8
1,MSa9
4,MSa10
4,MSa12
4,NGr10
15,NGr20
1,RMi8
1,RM110
11,SGB10
9,SGB30
11,SGB50
10,SGB60
10,SGB75
9,SGB90
9,SGB110
13,SGB120
10,SGB130
1,SlD10
1,Z1110
1,Z1120
4,CWi10
15,ELC195
9,ELC200
1,ETG10
8,ETG10
15,ETG12
1,GeK5
1,GeK10
1,GeK20
2,JNm25
13,JNm30
2,JNm60
2,JNm61
2,JNm62
2,JNm63
2,JNm64
2,JNm65
2,JNm66
2,JNm67
2,JNm68
2,JNm69
7,JuW10
1,JWR7
42,JWR8
1,JWR9
9,JWR9
20,JWR13
12,LHe2
1,LHe4
12,LHe4
5,LHe10
5,LHe30
16,MAl5
1,MAl13
7,MBa27
7,NML1
7,NML2
12,NML4
7,NML5
7,NML7
12,NML7
7,NML20
4,NML21
7,NML22
7,NML23
7,NML24
4,NML24
7,NML31
1,OrL10
1,OsM10
3,StW7
1,StW9
15,StW10
2,WCM2
1,WCM6
2,WCM22
13,WCM32
1,xFl10
1,YAl10
1,EDF10
3,AL10
7,AL11
1,AL12
1,AL13
2,AL21
1,AL22
16,AL26
1,AL27
1,AlH8
3,AlH24
7,AlH30
3,AlH30
8,ARs10
1,CMF1
15,EaK8
1,EaK10
15,EaK30
7,EaK50
7,EaK51
7,EaK60
7,EBz30
7,EBz35
20,EBz46
4,EBz60
1,ElN2
4,ElN5
7,ElN7
2,ElN8
7,ElN10
7,ElN11
5,ElN15
4,ElN20
5,ELM2
5,ELM8
12,ELM15
9,ELM17
7,ELM19
7,ELM21
4,ELM22
11,ELM24
5,ELM26
7,ELM29
17,ELM35
11,ELM35
1,ELu19
43,ELu20
9,ELu30
9,ELu49
5,HBH10
7,HBH10
5,HBH15
7,HBH15
5,HBH20
7,HBH20
5,HBH25
7,HBH25
2,HBH31
4,HBH35
7,HBH45
7,HBH60
9,HBH68
9,HBH70
9,HBH72
1,HBH75
5,HBH90
2,HeE3
1,HeE10
11,HHa3
3,Hha5
1,HHa10
7,HHa10
9,HHa12
12,HHa13
3,HHa15
11,HHa16
16,HHa20
44,HHa21
1,HHa27
1,HHa28
2,HHa31
16,HHa32
9,HHa38
16,HHa39
2,HHa43
12,HHa47
9,HHa50
10,HHa53
11,HHa54
1,HHa56
9,HHa60
11,HHa65
11,HHa72
2,IrP1
18,IrP3
9,IrP15
3,IrP18
3,IrP19
3,IrP21
8,IrP24
2,IrP27
15,KFr1
15,KFr10
10,KuN4
15,KuN5
10,KuN12
9,KuN30
9,KuN33
9,KuN36
9,KuN40
9,KuN42
7,KuN42
1,KuN45
1,KuN46
11,KuN49
15,KuN14
1,LeR5
8,LeR10
1,LeR25
1,MGe5
1,MGe10
1,MGe12
45,MGe50
5,OP8
2,OP8
26,OP8
17,OP10
3,OP10
1,OP13
1,OP14
1,OP13
3,OP15
2,OP17
26,OP18
1,OP20
9,OP23
4,OP24
1,OP26
46,OP28
1,OP30
17,OP31
1,OP31
1,OP32
1,OP40
1,OP44
2,OP50
3,PCz10
1,PCz15
3,PCz20
7,PCz25
3,PCz30
1,PCz30
4,PCz50
4,PCz60
4,PCz65
7,PPr20
16,RoS3
9,RoS6
1,RoS11
1,RoS13
1,RoS15
2,RoS50
2,RoS51
2,RoS52
2,RoS53
2,RoS54
2,RoS55
1,RoS60
12,RoS65
12,RoS68
2,RoS70
12,RoS70
7,RoS80
7,RoS85
9,RoS87
12,RoS90
12,RoS94
7,RoS95
12,RoS98
12,RoS100
13,RoS110
12,RoS112
12,RoS120
3,SLa2
4,SLa3
4,SLa10
7,SLa10
7,SLa22
7,SLa30
1,SLa30
3,StR5
7,StR10
15,VHa10
7,VrM40
7,VrM42
1,WmK14
4,WmK15
4,WmK16
3,WmK18
1,WmK25
3,WmK27
3,WmK28
7,WmK30
1,WmK31
1,xTo10
9,ZK4
9,Zk5
47,ZK7
1,ZK9
1,Z3210
1,BW1
3,BW2
1,BW3
1,BW4
1,BW5
1,BW7
7,BW7
1,BW8
1,BW9
7,BW10
3,BW11
3,BW12
7,BW12
16,BW13
3,BW14
1,BW15
7,BW16
7,BW17
3,BW17
7,BW18
7,BW19
3,BW19
7,BW21
4,BW21
2,BW25
1,BW28
7,BW30
1,CAL15
3,CAL20
2,CAL25
3,CAL35
1,CAL36
7,CAL46
20,CAL46
1,CAL50
10,DeD18
8,DeD30
2,DeD42
11,DeD50
11,DeD60
3,DeD60
11,DeD61
11,DeD62
11,DeD65
11,DeD67
11,DeD70
11,DeD77
11,DeD80
11,DeD83
5,EuF1
7,EuF1
5,EuF10
7,EuF10
5,EuF30
7,EuF30
5,EuF40
7,EuF40
5,EuF50
7,EuF50
5,EuF51
5,EuF53
5,EuF55
5,EuF57
5,EuF59
15,FSt10
7,FSt20
7,FSt22
7,FSt24
7,FSt26
7,FSt28
7,FSt30
7,FSt32
7,FSt34
7,FSt36
7,FSt38
7,FSt40
7,FSt42
7,FSt44
7,FSt46
7,FSt48
7,FSt50
7,FSt52
7,FSt54
7,FSt56
7,FSt58
7,FSt60
7,FSt62
7,FSt64
7,FSt66
7,FSt68
7,FSt70
7,FSt72
7,FSt74
7,GSt1
7,GSt2
7,GSt3
11,GSt3
7,GSt3
4,GSt4
4,GSt5
7,GSt7
3,GSt7
9,GSt8
3,GSt9
1,GSt12
3,GSt13
1,GSt15
11,GSt17
18,GSt18
11,GSt18
8,GSt19
18,GSt20
1,GSt30
7,HRo2
4,HRo2
9,HRo5
7,LlF10
18,MCC12
3,ML6
7,ML6
4,ML9
25,ML10
4,ML12
3,ML13
1,ML18
3,ML21
7,ML21
1,ML30
8,RdB10
1,RdB10
7,RMk10
16,xCm10
9,xCm20
7,ABW40
15,ArL22
1,ArL26
7,ArL28
7,ArL29
15,ArL36
2,ArL39
9,ArL48
9,ArL49
9,ArL50
9,ArL56
9,ArL58
9,ArL60
9,ArL61
1,ChE1
7,ChE2
2,CR10
3,CR12
9,CR14
8,CR15
1,CR16
2,CR17
2,CR18
48,CR20
1,DBr5
2,DBr10
2,DSk32
7,DSk48
3,DSk49
1,DSk54
1,DSk62
1,DSk66
9,DSk67
1,DSk67
1,DSk69
26,EGU1
15,EGU1
15,EGU17
20,EGU18
26,EGU20
26,EGU30
15,EGU40
26,EGU70
4,GAv10
4,GMe10
3,GvM7
3,GvM10
3,GvM12
3,GvM13
3,GvM14
1,HY1
1,HY10
7,HY17
15,HY20
3,HY20
15,LeG23
1,JN2
2,JN3
1,JN7
1,JN9
17,JN12
1,JN13
1,JN15
15,JN16
3,JN21
4,JN23
1,JN25
3,JN31
7,LoS2
1,LoS3
1,LoS10
1,MhR1
16,MhR5
16,MhR10
1,MhR20
7,MPa3
3,MPa3
7,MPa4
1,MPa7
1,PaM10
2,RWB10
1,RWB20
1,RWB32
1,RWB33
16,RWB42
1,RWB45
13,RWB58
15,RWB67
15,RWB73
15,RWB77
2,RWB82
9,ThA10
4,BBe1
4,BBe14
4,BBe17
4,BBe19
4,BBe20
4,BBe21
7,BBe23
4,BBe23
1,BeH2
2,CMA1
9,EdK10
9,EdK15
1,EDm18
15,EDm20
26,EDm22
26,EDm24
1,EDm25
26,EDm26
1,EDm34
11,EDm35
9,EDm37
1,EDm38
1,EDm39
1,EDm40
1,EDm43
11,EDm44
1,EDm46
7,EDm58
15,EDm58
1,GNj1
3,GuE10
7,GuE10
7,GWh10
4,GWh10
13,HRv10
8,HJB50
11,IEn1
11,IEn10
11,IEn20
11,IEn90
11,IEn180
9,IEn220
11,IEn280
15,IEn290
11,IEn300
11,IEn310
11,JKa20
11,JKa47
49,JPt10
5,LoK3
5,LoK9
7,LoK9
9,LoK20
1,LoK30
1,LoK50
50,TWa10
1,xEn10
1,xMe10
1,BDH10
1,BDH30
3,EMv10
10,EMv10
13,FkS10
9,FMD3
7,FMD10
11,FMD20
7,GDo2
7,GDo4
4,GDo18
9,GDo23
11,GDo32
13,GDo37
16,GDo39
1,GDo49
10,GDo49
11,GDo50
16,GDo71
11,GDo74
9,GDo76
20,GDo78
10,GDo79
20,GDo81
1,GDo83
10,GDo92
2,HaF35
3,HCP1
3,HCP4
9,HCP5
16,HCP6
4,HCP6
7,HCP10
8,HCP11
14,HCP11
7,HCP12
7,HCP24
1,HCP25
1,HCP26
3,HCP28
7,HeM20
2,HeM20
7,HeM30
3,HKo6
3,HKo9
3,HKo10
51,HKo17
3,HKo18
7,HKo21
4,HKo22
4,HKo23
7,HKo25
7,HKo24
1,HKo26
28,HKo26
18,HKo29
16,HKo30
7,HKo36
16,HKo39
4,HKo41
7,HKo43
15,LaH10
15,LeS80
11,LeS90
7,LeS100
11,LeS110
1,MC2
1,MC3
1,MC5
12,MC6
3,MC7
18,MC7
1,MC8
3,MC9
7,MC9
26,MC11
5,NF1
5,NF3
5,NF4
5,NF6
5,NF7
5,NF9
7,NF9
5,NF10
5,NF12
5,NF13
7,NF13
5,NF14
7,NF14
1,NF16
9,NF21
9,NF25
1,NF27
11,NF29
5,NF30
1,VtH10
1,VtH23
5,WCl14
5,WCl15
5,WCl16
5,WCl17
5,WCl18
5,WCl19
5,WCl28
5,WCl29
5,WCl30
5,WCl31
7,WlH10
7,xWi1
7,AKi1
7,AKi7
7,AKi25
7,AKi30
7,AKi40
8,AMx5
9,GrR1
3,GrR3
9,GrR4
3,GrR5
7,GrR5
4,GrR6
3,GrR7
4,GrR7
7,GrR10
3,GrR12
16,GrR15
4,GrR15
7,IBt20
7,IBt24
7,IBt38
1,IFa8
3,IFa8
10,IFa17
16,IFa18
10,IFa24
2,IFa25
1,IFa28
1,IFa32
11,IFa34
1,IFa45
1,IFa50
1,JPH1
7,JPH10
12,DvH10
5,GeS15
13,GeS17
1,GeS27
1,GeS29
3,HDc6
20,HDc50
1,JMu3
5,MP2
12,MP4
10,MP6
2,MP6
1,MP8
3,MP11
4,MP15
3,MP17
4,MP19
4,MP25
15,MP35
2,MP35
2,NNo1
1,NNo3
10,NNo4
10,NNo7
10,NNo8
3,NNo11
35,NNo13
1,NNo16
1,RfH10
7,SSS45
4,SSS45
7,SSS58
11,WWn10
11,WWn12
11,WWn30
9,WWn35
9,WWn40
9,WWn80
11,WWn100
11,WWn101
10,WWn170
1,WWn200
20,WWn205
1,WWn220
8,WWn300
1,ChJ12
16,ChJ25
9,ChJ30
1,ChJ36
17,ChJ74
7,EP1
13,FoB30
13,FoB50
9,FoB70
7,GaK4
1,GaK6
1,GaK20
15,GWg16
15,GWg23
7,HIL5
7,HIL25
1,JoL2
3,JoL3
3,JoL4
4,JoL9
4,JoL10
7,LeG5
7,LeG10
7,LeG12
7,LeG14
7,LeG16
7,LeG18
7,LeG20
7,LeG22
7,LeG24
7,LeG33
7,LeG36
15,LeG36
7,LeG40
10,LeG40
3,RBS15
5,WlN10
5,WlN12
9,xLe10
1,xMa10
1,xUc10
4,AnS1
16,AnS1
4,AnS3
16,AnS3
4,AnS33
7,BaS10
4,BaS10
7,ChV2
3,ChV8
7,ChV13
16,ChV15
2,ChV20
1,ChV26
16,ChV35
16,ChV45
3,ChV46
14,DFl10
14,DFl11
16,HeK10
13,HBu30
1,IPC25
7,JqT1
1,JqT1
15,JqT2
15,JqT3
2,JqT4
26,JqT7
2,JqT8
15,JqT14
2,JVK30
7,PGy10
2,PGy16
11,PGy16
1,RRw15
1,RRw20
7,RRw25
7,RRw32
12,RRw32
7,RRw33
4,RRw35
1,RRw37
7,TMo10
7,TMo11
4,ThR10
1,WMG10
10,WMG10
1,Z3910
15,ADT9
11,ADT12
15,ADT18
9,ADT23
1,BHl10
15,CCb10
14,CJo20
7,CJo20
14,CJo30
7,CJo30
14,CJo40
7,CJo40
14,CJo50
7,CJo50
11,FAl10
7,GPa2.
1,IgR2
1,IgR5
3,IgR5
4,IgR14
3,IgR15
7,IgR15
11,IgR19
1,IHw10
2,JHL6
10,JHL12
2,JHL17
1,JnD6
1,JnD10
3,JnD11
1,JnD28
17,JnD31
15,JnD33
20,JnD36
7,LSh1
3,NSm10
1,OW1
1,OW2
8,OW3
16,OW3
1,OW4
16,OW5
1,OW6
1,OW7
1,OW8
2,OW9
26,OW9
1,OW10
1,OW11
3,PLi10
7,PS2
12,PS3
7,PS4
7,PS5
7,PS7
7,PS8
7,PS13
7,PS21
11,PS21
7,PS22
35,TBs2
35,TBs4
35,TBs6
35,TBs8
35,TBs10
35,TBs12
35,TBs14
35,TBs16
35,TBs28
35,TBs40
35,TBs46
35,TBs48
16,TBs50
35,TBs50
35,TBs52
3,xCa10
2,BaD13
7,BaD22
7,BaD26
2,BaD29
2,BaD35
2,BaD39
11,BBo27
14,BSh10
8,ChC2
3,ChC3
8,ChC3
7,ChC4
1,ChC5
2,ChC7
1,ChC12
3,ChC12
7,ChC11
1,ChC15
7,ChC30
1,DBy1
1,DBy2
26,DBy4
15,DBy10
9,DMi10
4,DMi15
7,DMi15
4,DMi25
1,DMi27
7,DMi28
2,DMi30
1,DMi32
11,DMi35
16,DMi45
4,GSy4
9,GSy7
4,GSy9
4,GSy10
4,GSy13
4,GSy17
4,GSy30
4,GSy40
1,IrR6
1,IrR10
16,IrR12
4,IrR12
1,IrR16
1,IrR27
1,IrR30
12,IrR32
1,IrR50
2,IH1
26,IH1
3,IH2
2,IH3
8,IH4
11,IH11
1,IH12
2,IH14
1,IH15
16,IH17
7,IH18
2,IH18
26,IH18
1,IH19
9,IH20
3,IH20
11,IH22
11,IH23
2,IH26
1,IH27
1,IH28
9,IH29
1,IH30
3,IH30
3,IH31
1,IH35
7,IH38
1,IH38
10,IH42
7,IH47
26,IH47
1,IH50
7,KuH10
7,KuH20
7,KuH25
7,KuH29
1,LaC20
1,LaC25
2,LaC35
17,LHo2
16,LHo2
8,PaJ2
1,PaJ2
8,PaJ2
1,PaJ2
1,PaJ5
8,PaJ5
2,PaJ10
8,PaJ12
1,PaJ12
15,PaJ60
7,PaJ60
1,ReC4
1,ReC5
2,RMp13
15,StH3
2,StH5
4,StH13
1,StH15
11,StH18
9,StH20
1,StH23
16,StH30
1,TTz2
9,TTz4
2,TTz6
26,TTz6
5,TTz8
2,TTz9
9,TTz10
1,TTz11
35,TTz20
1,VdS2
1,VdS4
1,VdS5
1,VdS7
1,VdS8
1,VdS13
1,VdS15
7,VdS21
1,VdS24
7,WlM10
9,Z4101
9,Z4102
9,Z4103
16,Z4104
12,ALe4
3,ALe7
11,AnM16
1,AnM17
11,AnM20
11,AnM22
11,AnM24
16,AnM25
4,AnM25
10,AnM27
11,AnM28
4,AnM30
3,AnM30
11,AnM34
11,AnM35
18,AnM37
9,AnM37
18,AnM40
1,ASj15
1,ChF10
7,DL3
3,DL4
1,DL5
3,DL7
9,DL9
8,DL9
3,DL11
9,DL12
9,DL13
18,DL13
1,DL15
1,FZ3
1,FZ8
8,FZ8
1,FZ8
8,FZ8
11,FZ10
1,FZ11
4,FZ13
9,FZ14
1,FZ15
2,FZ19
1,FZ20
8,FZ20ZZ
3,GLa2
2,HGC2
20,HGC3
2,HGC5
2,HGC6
1,HGC14
26,HGC16
2,HGC16
26,HGC17
8,HGC19
9,IRa4
2,IRa5
10,IRa10
10,IRa12
10,IRa14
10,JD7
52,JD8
2,JD10
2,JD12
9,JD12
4,JD12
1,JD14
3,JD15
1,JD16
20,JD17
7,JD17
1,JD25
7,JeY10
7,JeY30
7,JqB5
26,JqB5
3,JqB15
7,JqB15
1,JqB18
3,JqB18
7,JqB20
3,JqB22
2,JqB25
16,JqB28
20,JqB38
7,LAr4
1,LuV1
18,LuV2
7,LuV3
1,LuV20
18,LuV30
1,LuV40
1,LuV50
1,LuV60
16,LuV68
3,LuV80
7,LuV80
20,MiG3
20,MiG5
20,MiG7
20,MiG9
20,MiG11
20,MiG13
20,MiG15
20,MiG17
20,MiG19
20,MiG23
20,MiG29
3,MiG30
3,MiG35
7,MiG45
7,MiG50
9,VSh7
1,VSh9
1,VSh10
1,VSh15
18,VSh23
1,VSh25
1,VSh27
15,WFx10
53,xSe10
1,AkK1
20,AkK9
18,AkK11
1,AkK12
1,AkK13
9,AkK14
2,AkK20
7,AkK20
7,AkK21
2,AkK22
1,AkK23
1,AkK25
1,AkK26
18,AkK27
17,AkK27
18,AkK28
7,AkK29
1,AkK30
4,ChW2
4,ChW3
54,ChW4
4,ChW6
3,ChW6
7,ChW7
54,ChW8
54,ChW12
3,ChW16
4,ChW18
54,ChW22
7,ChW25
7,FLd5
7,FLd7
7,FLd10
7,FLd15
3,FLd18
7,FLd20
7,FLd25
7,FLd27
7,FLd30
7,FLd35
7,FLd37
3,FWx10
1,FWx20
13,FWx30
16,HeL23
12,HeL30
4,HeL33
12,HSc5
12,HSc7
9,HSc15
1,HSh5
1,HSh10
8,HuJ5
8,HuJ10
26,MDr10
2,MRs1
2,MRs2
15,MRs13
10,MRs25
1,MRs21
16,MRs32
3,MRs32
2,MRs36
2,MRs40
7,MRs41
28,MRb43
1,PBi10
9,PHy6
13,PHy12
7,PHy15
1,PHy15
2,PHy20
2,PHy25
55,PHy29
10,PHy31
10,PHy35
15,PHy39
10,PHy39
1,RCl4
3,RCl5
26,RCl5
1,RCl10
18,RCl13
1,RtB3
1,RtB4
1,RtB5
1,RtB6
16,RtB7
8,RtB7
16,RtB8
1,RtB8
1,RtB9
1,RtB11
12,RtB12
1,RtB14
1,SGi3
2,SGi4
2,SGi6
2,SGi8
2,SGi30
13,VGu19
13,VGu23
7,VGu25
5,VGu34
1,VGu36
13,VGu40
4,VM1
4,VM3
4,VM4
3,VM5
4,VM7
1,VM8
7,VM9
4,VM10
1,VM11
4,VM13
16,VM19
1,VM21
4,VM22
7,VM28
4,VM32
35,VM33
15,WiC30
15,WiC50
15,WiC51
15,WiC55
15,WiC60
15,WiC70
13,WiC90
14,WiC90
3,AMs25
2,AMs50
20,ClO10
1,ClO10
1,DSy1
1,EAB8
7,JeD10
15,LAl2
2,LAl4
1,LOl1
1,LOl2
1,LOl3
3,LOl4
35,MAu10
7,PhK4
7,PhK7
4,PhK11
1,Phk40
10,PhK46
10,PhK50
1,RBt6
7,RBt17
15,RLB9
7,RLB10
15,RLB12
15,RLB22
7,RWh8
16,RWh10
4,RWh10
2,RWh15
7,RWh20
2,RWh50
1,RWi1
12,RWi2
15,RWi3
2,RWi4
11,RWi7
1,RWi9
13,RWi13
16,RWi24
10,RWi25
4,RWi28
15,RWi29
4,RWi31
16,RWi33
4,RWi33
13,RWi34
9,RWi36
13,RWi38
15,SNe3
15,SNe8
13,SNe10
17,xPe10
17,xPe20
5,ChD10
3,CoB3
7,CoB15
1,DS5
1,DS6
9,DS8
26,DS8
15,DS13
13,DS13
10,DS23
11,DS28
10,DS32
2,DS33
5,DS36
7,DS38
7,DS40
11,DS49
1,EK1
1,EK2
56,EK3
1,EK4
10,EK5
1,EK6
16,EK7
1,EK9
3,EK10
1,EK11
1,EK12
3,EK14
1,EK15
16,EK15
16,EK18
3,FdC16
3,FdC23
7,GS3
7,GS6
1,GS7
8,GS7
3,GS14
1,InB1
1,InB2
1,InB3
1,InB4
1,InB5
1,InB6
1,InB7
1,InB8
3,InB9
1,InB9
1,InB11
1,InB12
1,InB13
1,InB14
1,InB18
12,InB20
1,InB21
1,InB22
1,InB25
1,InB27
3,InB27
1,InB28
1,InB29
1,InB31
1,InB32
1,InB33
57,InB34
1,InB35
1,InB37
1,InB41
4,IBe4
3,IBe10
7,IBe16
2,MNo10
3,PiG40
1,PiG40
7,PiG50
1,RHa3
7,RHa4
26,RHa4
7,RHa5
7,RHa8
3,RHa9
1,RHa10
1,RRo1
8,RRo5
58,RRo8
16,RRo9
3,RRo12
3,RRo16
1,RRo18
1,RRo20
10,WlB10
9,WlB12
1,WlB14
9,WlB17
59,WlB20
3,WRh10
1,DuN2
3,GLm10
20,HaC10
13,IMo10
7,ISt10
1,ISt11
11,ISt20
11,ISt24
16,ISt24
1,ISt26
10,ISt29
1,ISt30
7,ISt31
9,ISt33
11,ISt38
11,ISt40
3,JLM2
3,JLM3
1,JLM5
3,JLM6
1,JLM6
1,JLM8
1,JLM9
1,JLM10
20,JLM11
1,JLM12
3,JLM13
4,JLM14
1,JLM16
1,JLM17
2,JLM20
9,KeA10
7,KeA19
9,KeA23
2,KeA25
9,KeA31
10,KeA32
9,KeA34
9,KeA36
9,KeA38
9,KeA43
2,MxS12
7,PUs4
1,PUs5
3,PUs6
1,RcF10
9,RcF12
17,RcF20
3,RcF34
7,RiF4
2,RiF10
13,RiF13
16,RiF15
17,RiF18
1,RiF18
16,RiF20
1,RiF21
18,RiF22
13,RiF24
4,RiF25
9,RiF25
17,RiF28
8,RiF28
10,RiF30
13,RiF33
10,RiF35
1,RiF36
3,RiF39
10,RiF48
10,RiF52
10,RiF53
1,RiF53
25,RMo3
7,WGo10
48,WS4
48,WS5
48,WS6
48,WS7
48,WS8
48,WS41
48,WS42
48,WS43
48,WS45
1,AlT10
3,BrW5
9,BrW13
12,BrW16
2,BrW100
2,BrW101
15,BVo10
3,DHa2
3,DHa5
4,DHa7
7,FFH1o
7,GSK1
2,JaH16
9,JaH22
10,LGt19
3,LGt23
35,LGt23
9,LGt25
9,LGt31
9,LGt32
1,LGt33
7,LGt40
4,LGt45
7,LGt45
1,NR1
1,NR2
1,NR1
1,NR4
2,NR5
26,NR7
11,NR8
11,NR10
1,NR11
26,NR14
16,NR19
1,NR20
7,RoN3
16,RoN5
1,RoN9
3,RoN16
1,RoN17
10,RoN18
13,RoN28
9,RoN30
7,RoN32
1,RoR1
16,RoR2
18,RoR5
16,RoR5
3,RoR6
1,RoR8
1,RoR10
1,GdS2
1,JPM5
2,JPM10
15,TFi8
15,TFi9
2,TFi10
15,TFi12
15,TFi15
15,TFi20
15,TFi24
15,TFi25
15,TFi30
15,TFi33
15,TFi35
15,TFi40
2,APo10
15,APo40
11,APo43
1,BeK10
7,CTB10
7,CTB15
7,CTB16
9,CTB25
1,GoP12
7,HCs1
7,HCs3
16,HCs4
1,IGg10
20,IGg10
1,JLo4
2,JLo4
2,JLo11
20,JLo17
3,JLo25
4,JLo27
1,JLo30
7,JPL10
3,JqA10
7,LCs10
9,LRF15
1,LRF20
7,RaT1
7,RaT9
10,RaT9
7,RaT16
7,RaT30
7,RaT42
7,RaT46
2,RdM8
26,RdM10
5,RdM10
1,RdM18
3,RdM20
18,RdM30
10,SIC10
1,TYg8
35,TYg12
9,TYg17
9,TYg18
9,TYg20
7,TYg21
1,TYg25
2,TYg40
4,WAr40
1,WAr42
4,WAr44
4,WAr46
7,WAr50
4,WAr54
7,xAb1
1,xFa10
3,xHu10
26,ACy10
1,ACy14
3,ACy16
1,ACy20
9,ACy20
3,ACy22
3,ACy26
3,ACy29
3,ACy32
3,ACy34
1,ACy38
3,AlL2
3,AlL3
7,CLB10
7,CLB20
4,CLB20
13,FBr50
13,FBr60
1,FlM1
1,FlM3
2,FlM3
15,GFr35
4,GKe1
4,GKe2
1,GKe6
7,GKe7
4,GKe8
11,GKe9
1,HKl17
2,HKl23
3,HKl30
3,HKl40
9,IGu15
9,IGu18
9,IGu21
60,IGu26
28,IGu28
9,IGu29
2,IGu31
15,IvB10
7,JT1
7,JT2
7,JT3
7,JT4
7,JT5
9,LLa5
9,LLa10
9,LSm10
9,LSm13
9,LSm17
20,MCg10
2,SaF13
2,SaF19
1,SaF20
7,SM1
7,SM3
8,SM4
20,SM6
7,SM6
1,SM7
4,StD4
4,StD7
16,StD24
4,StD24
7,StD27
4,StD33
4,StD35
3,StD41
7,StD41
1,StD42
7,StD45
3,StD45
7,StD51
2,StD51
7,StD61
3,StD62
7,StD72
12,WlJ12
12,WlJ14
1,FF1
1,FF2
1,FF3
1,FF4
1,FF5
1,FF6
1,FF7
1,FF9
1,FF10
12,FF12
1,FF13
12,FF14
8,FF14
1,FF15
7,FF15
7,FF18
16,FF18
1,FF23
1,FF30
1,FF40
1,FF50
16,FF50
2,GoG10
1,HFr20
2,HFr30
11,HFr50
15,HLF10
16,HLF10
1,HyC10
1,HyC10
3,HyC10
1,IdL1
1,IdL2
1,IdL3
3,IdL3
2,IdL10
2,IdL11
12,JDh5
1,JLT12
1,JLT15
2,JLT19
1,JLT21
1,JLT24
12,JLT27
9,JLT29
2,JLT32
16,JLT34
7,JLT35
1,JLT39
9,JLT50
9,JLT50
20,JoP2
3,JoP20
16,JoP25
3,JoP28
2,JoP40
2,JoP41
2,JoP42
2,JoP43
2,JoP44
9,JoP50
1,MA2
1,MA3
1,MA4
3,MA5
2,MA6
1,MA8
16,MFr2
7,MFr5
7,MFr16
1,MFr33
7,MFr33
18,MiA6
13,MiA7
9,MiA8
2,MiA11
1,MiA18
1,MiA21
15,MiA25
2,RcB1
1,RcB3
1,RcB5
1,RcB8
1,RcB12
1,RcB13
1,RcB14
1,RcB15
11,RcB17
1,RcB18
3,RcB30
10,RcB40
48,RPo10
15,RSB5
1,ShI50
1,ShI52
3,xdH10
2,Z5020
1,Z5020
8,AR2
1,AR4
22,AR5
26,AR6
26,AR8
26,AR10
2,CrR10
15,CSi6
15,CSi10
9,CyE10
13,CyE30
1,CyE40
7,DoW10
7,DoW15
2,DoW50
2,DoW51
2,DoW80
2,DoW81
2,DoW82
25,DoW95
13,DoW97
7,DoW120
15,DoW120
7,DoW130
11,EBe5
7,EBe5
7,EBe7
10,EBe10
7,EBe30
7,EBe32
1,GHo10
1,HgH10
1,HKr30
61,LBu1
3,MZa5
7,MZa10
7,MZa15
3,MZa20
3,MZa23
3,MZa25
3,MZa30
3,MZa35
2,PaH50
2,PaH51
2,PaH52
2,PaH53
2,PaH54
2,PaH55
20,PaH60
20,PaH61
2,PaH106
2,PaH107
2,PaH108
2,PaH109
2,PaH110
2,PaH111
2,PaH112
2,PaH113
2,PaH114
2,PaH115
2,PaH116
2,PaH117
2,PaH118
2,PaH119
2,PaH120
2,PaH121
2,PaH122
2,PaH123
2,PaH124
2,PaH125
2,PaH126
2,PaH127
2,PaH128
1,PaH215
1,PLo10
1,RCv10
2,RPa10
1,RPa15
4,RiQ6
7,RiQ15
7,RiQ23
8,RiQ29
7,RiQ30
7,RiQ35
4,RrS5
7,RrS10
8,RSn10
8,RSn100
4,BF6
16,BF6
16,BF7
4,BF8
1,BF9
16,BF9
13,CMk40
8,CMk40
13,CMk50
16,CMk50
13,CNy1
17,CNy15
16,DaM3
1,DaM3
3,DaM4
1,DaM4
1,DaM6
62,DaM7
7,DaM15
20,DaM15
1,DaM30
7,DaM35
17,EMr10
3,EMr10
17,EMr13
3,EMr13
17,EMr15
3,EMr15
14,FrQ10
7,FrT5
7,FrT7
7,FrT10
7,FrT13
4,FrT13
7,FrT16
7,FrT20
4,FrT22
7,FrT23
7,FrT25
7,FrT30
7,FrT32
1,GH3
7,GH8
9,GH12
9,GH15
9,GH16
9,GH17
9,GH25
5,GH30
1,HaB1
16,HaB3
1,HaB5
1,HaB7
2,HaB9
1,HaB15
1,HaB20
1,HaB24
1,HaB27
1,HaB28
1,HaB35
2,HHo3
2,HHo5
10,HHo10
1,JHo20
1,JHo24
2,JHo40
12,KHu18
7,KHu18
17,KHu19
3,KHu21
35,KHu21
1,KHu22
63,LeK10
1,LGB10
8,LGB10
3,MuB5
12,NJu9
10,NJu10
12,NJu12
7,PeB1
4,PeB1
4,PeB2
1,PeB3
1,PeB4
1,PeB6
18,PeB10
2,PhL100
1,WHW10
2,WTy10
1,xSc10
1,ADx2
1,ADx3
1,ADx4
1,ADx5
1,ADx10
1,ADx11
1,ADx12
1,ADx13
1,ADx14
16,ADx20
8,ADx25
1,ADx30
3,ADx37
4,ADx39
1,ADx45
1,ALv10
2,ALv100
2,ALv101
64,ASu10
12,AtH10
7,CFr10
1,CFr10
2,DkP3
2,DkP4
3,DKu1
1,DKu5
3,DKu10
1,EDW10
1,EDW13
15,EDW14
13,EDW22
15,EDW26
15,EDW30
13,EuL10
13,EuL20
13,EuL30
1,FFe10
10,HEs10
9,HoC10
13,JA5
13,JA13
15,JA15
13,JA20
9,JA30
7,JA35
9,JHi7
1,JIv6
4,JIv8
1,JIv10
12,JIv11
1,JIv15
1,JIv21
1,JIv28
1,JIv30
1,JIv33
3,JIv35
1,JIv37
1,JIv40
1,JIv42
1,JIv42
16,JIv45
16,JIv47
1,JIv51
1,KaS20
9,LgC20
1,LgC30
4,LgC30
1,LiA10
1,LiA20
1,LiA30
1,MCy2
1,MCy3
1,MCy5
10,MCy8
1,MCy10
1,MCy11
14,NLr10
2,NuJ1
7,NuJ3
1,NuJ4
1,NuJ6
3,NuJ7
9,RDW2
5,RDW7
4,RDW10
11,RoA4
1,RoA4
20,RoA5
1,RoA7
10,RoA11
17,RoA22
1,RoA25
15,RoA25
9,RoA26
10,RoA28
1,RoA32
10,RoA41
11,RoA45
1,RoA48
1,RoA57
7,RoA64
11,RoA68
7,RoA68
7,RoA70
3,SSn1
16,SSn2
2,StK2
2,StK3
1,StK4
18,StK5
1,StK6
26,StK7
13,StK8
13,StK9
9,StK10
15,StK15
10,StK20
3,StK21
15,VeS30
13,WoR20
1,WoR25
1,AMa10
1,AMa50
13,AMa56
7,AMa60
13,AMa61
1,AWj5
1,AWj7
1,AWj10
3,AWj13
1,AWj15
1,AWj16
1,AWj22
3,AWj23
1,AWj29
1,AWj31
3,AWj33
1,AWj37
8,AWj38
3,AWj43
1,GGr18
1,GSc1
1,GSc2
16,GSc3
12,GSc4
16,GSc5
1,GSc6
1,GSc8
16,GSc10
35,GSc14
1,GSc17
16,GSc18
1,GSc19
13,HLS10
10,HoK5
15,HoK10
7,HoK12
10,IIl10
8,JAl10
14,JAl10
14,JAl20
9,JJu10
20,JWe1
1,JWe3
20,JWe6
20,JWe12
1,KoI10
16,LaB10
2,LaB30
2,LaB31
1,LNm10
17,LNm14
1,LNm14
1,NKo15
1,NKo25
17,NKo25
1,PeG4
3,PeG6
10,PtF5
10,PtF10
1,SR1
1,SR15
1,SR20
1,SR25
1,SR30
1,SR35
1,SR36
1,SR37
1,SR39
1,SR40
1,SR45
1,SR50
1,SR55
1,SR60
1,SR65
1,SR80
1,TKg10
3,TKg10
13,ToT10
13,xTu10
3,YvR3
2,YvR6
3,YvR10
65,AS18
7,ABl10
66,BE1
66,BE2
66,BE3
3,BE4
7,BE4
66,BE5
7,BE6
7,BE7
7,BE8
2,BE9
7,BE10
1,BE10
7,BE11
7,BE12
9,BE13
7,BE13
66,BE14
66,BE15
7,BE16
66,BE17
66,BE18
66,BE19
7,BE21
7,BE22
7,BE23
35,BE24
7,BE25
4,BE26
7,BE27
7,BE28
7,BE29
66,BE30
66,BE31
66,BE32
66,BE33
66,BE34
66,BE35
7,BE36
66,BE37
7,BE38
7,BE39
15,BVS10
1,CL1
15,CL1
1,ClS22
3,ClS25
3,ClS28
3,ClS40
3,ClS45
1,CoW3
1,CoW5
9,CSG10
1,DeM1
1,DeM4
7,DeM8
3,DeM10
1,DeM17
2,DM100
2,DM101
9,DM200
9,DM230
13,GFj10
7,GFj15
15,GFj15
1,GTz3
1,GTz10
7,HeH10
13,HeH12
14,HLu10
3,HWo1
13,InA10
9,InA28
9,InA30
15,IPa10
12,IPa10
1,JCn1
2,JCn3
5,JCn6
12,JCn20
2,JuA100
2,JuA101
2,JuA102
2,JuA103
2,JuA104
2,JuA105
2,JuA106
2,JuA107
7,MvS1
16,MvS2
3,MvS3
7,MvS3
16,MvS4
4,MvS4
3,MvS4
7,MvS6
7,MvS10
3,MvS12
7,MvS12
7,NPa3
7,NPa20
1,NPS10
1,NPS15
1,NPS20
1,NPS25
3,PhD2
3,PhD5
4,PhD9
16,PSv8
1,PSv12
1,PSv13
1,RAl1
16,RAl5
2,RAl20
2,RAl21
1,RAl50
13,RAl50
1,RAl55
7,RAl56
12,RAl62
7,RAl68
1,RAl69
2,RAl70
1,RAl71
7,RAl72
4,RAl73
11,RAl74
12,RAl75
7,RAl76
67,RAl87
16,RAl88
16,RAl90
26,RAl93
26,RAl95
7,RAl98
1,RAl101
7,RAl104
2,RAl106
13,RbG10
9,RCo3
13,RCo4
13,RCo11
10,RCo14
10,RCo15
15,RCo23
15,RCo24
7,RCo24
15,RCo26
15,RCo27
15,RCo30
15,RCo32
15,RCo34
17,RCo35
12,RCo36
15,RCo37
15,RCo38
15,RCo41
15,RCo43
10,RCo44
15,RCo47
15,RCo48
35,RCo60
15,RCo70
11,RMl1
2,RSt100
2,RSt101
2,RSt102
2,RSt103
2,RSt104
2,RSt105
2,RSt106
2,RSt107
2,RSt108
2,RSt109
2,RSt110
2,RSt111
2,RSt112
2,RSt113
2,RSt114
2,RSt115
2,RSt116
2,RSt117
2,RSt118
2,RSt319
2,RSt320
2,RSt321
2,RSt322
2,RSt323
2,RSt324
2,RSt325
2,RSt326
2,RSt327
2,RSt328
2,RSt329
2,RSt330
2,RSt331
2,RSt332
2,RSt333
2,RSt334
2,RSt335
2,RSt336
2,RSt337
2,RSt338
2,RSt339
2,RSt340
8,RSt340
2,RSt341
2,RSt342
2,RSt343
2,RSt344
2,RSt440
2,RSt441
2,RSt442
13,RSt445
2,RSt445
2,RSt446
9,SK2
1,SK3
17,SK5
1,SK6
7,SK8
1,SK12
9,SK22
2,SK26
8,SuH1
8,SuH2
8,SuH10
1,ToG6
2,ToG15
16,ToG22
4,VDa10
68,VDa10
3,WiF10
7,WiF10
10,ABd
15,ABd4
1,AVL2
1,AVL7
11,AVL9
11,AVL10
11,AVL11
10,AVL13
9,AVL30
9,AVL35
7,CD8
15,CD20
7,CD22
12,CD28
9,CD29
7,DMG2
2,FCk1
2,FCk2
1,FiC1
1,FiC11
16,FiC20
35,FrE10
9,FrL10
69,GeP10
5,GeP15
5,GeP15
5,GeP18
5,GeP25
11,GeP40
2,HeD100
2,HeD101
2,HeD102
2,HeD103
2,HeD104
2,HeD105
2,HeD106
2,HeD107
2,HeD108
2,HeD109
2,HeD110
2,HeD111
2,HeD112
2,HeD113
2,HeD114
2,HeD115
2,HeD116
2,HeD117
2,HeD118
2,HeD119
2,HeD120
2,HeD121
2,HeD122
2,HeD123
2,HeD124
2,HeD125
2,HeD126
2,HeD127
2,HuC7
2,IML100
2,IML101
2,IML102
1,JAn1
2,JNs100
2,JNs101
2,JNs102
2,JNs103
2,JNs104
2,JNs105
2,JNs106
2,JNs107
2,JNs108
2,JNs109
2,JNs110
2,JNs111
2,JNs112
3,JNs210
2,JqR17
1,JqR20
1,JqR23
7,JqR25
3,JqR25
1,JqR50
1,JqR55
2,JuB100
2,JuB101
2,JuB102
2,JuB103
2,JuB104
20,LMa2
7,LMa4
3,LMa5
7,LMa10
3,LMa18
1,LMa21
7,LMa23
7,LMa24
1,LMa30
7,LMa35
1,LMa37
1,LMa40
15,MFe10
7,MFe25
35,MFe40
7,MR3
3,MR4
1,MR4
1,MR7
11,MR9
2,MR11
11,MR12
1,MR13
8,MR14
8,MR15
1,MR15
7,MR17
3,MR17
7,MR19
1,MR19
1,MR21
3,MR25
16,MR29
1,MR30
16,MR30
3,MR34
13,NAC10
4,RoL10
35,RoV1
1,RoV2
1,RoV3
3,RoV5
3,RoV7
13,RoV10
15,RoV13
3,RoV15
35,TPo12
35,TPo16
10,TPo21
3,Z5110
3,Z5115
35,Z5115
4,Z5620
11,Z5630
2,ArH101
2,ArH102
2,ArH103
2,ArH104
2,ArH105
13,ArH105
2,ArH106
2,ArH107
2,ArH108
2,ArH109
2,ArH110
2,ArH111
2,ArH112
2,ArH113
2,ArH114
2,ArH115
3,ArH115
2,ArH116
2,ArH117
2,ArH118
1,ArH204
7,ArH205
1,ArH205
7,ArH207
7,ArH210
15,ArH210
10,ArH215
7,ArH215
7,ArH216
1,ArH217
1,ArH218
3,ArH220
7,ArH227
7,ArH230
16,ArH236
7,ArH240
7,AuJ10
1,BbB3
2,DTa100
2,DTa101
2,DTa102
2,DTa103
2,DTa104
2,DTa105
2,DTa106
3,DTa150
11,DTa210
9,DTa211
15,DTa212
13,DTa215
1,DTa220
1,DTa221
1,DTa222
2,EMo5
7,EMo17
15,EMo17
7,EMo20
7,EMo25
7,EMo40
15,FMe10
15,FMe12
1,FrR17
4,FrR20
7,GTh10
7,GTh12
7,GTh14
7,GTh16
7,GTh18
7,GTh20
7,GTh22
7,GTh23
7,GTh24
7,GTh26
7,GTh28
7,GTh30
7,GTh32
7,GTh36
7,GTh37
7,GTh38
7,GTh40
7,GTh42
7,GTh44
7,GTh46
7,GTh48
7,GTh50
7,GTh52
7,GTh54
7,GTh55
7,GTh56
7,GTh57
7,GTh58
7,GTh60
7,GTh62
2,IFr4
1,IFr5
2,IFr6
10,IFr7
13,IFr8
15,IFr8
9,IFr12
1,IFr14
10,IFr19
13,IFr25
10,IFr30
10,IFr35
10,IFr40
2,IFr52
15,InH2
13,InH8
13,InH15
13,InH18
12,InH20
13,InH25
1,JBC14
35,JBC27
9,JBC55
2,MiW12
7,MiW12
10,MiW20
11,MiW21
10,MiW22
2,MiW30
7,MiW43
7,MRe7
1,MWe10
1,MWe12
1,MWe15
15,PLd10
1,RuB10
7,RDa1
13,RDa3
7,RDa5
9,RDa6
9,RDa9
9,RDa10
9,RDa11
9,RDa12
9,RDa14
7,RDa22
7,RDa23
7,RDa25
16,RMu5
1,RMu6
1,RMu7
1,RMu25
7,RMu37
1,RMu41
3,RMu46
3,RMu50
1,SJF9
16,SJF17
1,SJF17
10,SJF19
16,SJF20
15,SJF22
1,SL1
3,SL3
1,SL5
1,SL7
1,SL10
7,SL14
1,SL15
2,SL19
16,SL20
10,SL20
2,SL21
1,SL22
8,SL33
8,SL35
15,SL39
8,SL39
1,SL44
1,SL49
1,SL50
3,SL53
2,SL56
1,SL59
7,SL60
1,SL62
9,SS01
1,SS02
70,SS03
13,SS04
2,SS2
71,SS4
9,SS5
2,SS6
13,SS7
7,SS8
9,SS9
12,SS10
12,SS11
1,SS13
9,SS18
9,SS19
12,SS20
12,SS21
13,SS24
1,SS26
8,SS26
33,SS32
8,SS33
1,SS34
2,SSi115
4,WPr10
1,xMb10
15,ACt8
13,ACt10
4,AlR1
16,AlR1
16,AN10
18,AnQ10
11,ArP1
1,ArP4
20,ArP5
11,ArP10
5,ArP15
11,ArP16
16,ArP18
10,AtR10
2,BoS50
2,BoS61
2,BoS62
10,BoS70
13,BoS75
1,BoS80
2,ClC8
1,ClC20
2,ClC21
2,ClC24
1,ClC24
1,ClC35
2,ClC45
1,ClC49
16,ClC50
1,ClC57
2,DLR3
2,DLR4
1,DLR5
2,DVs1
7,DvS3
4,DvS10
1,FT1
1,FT2
2,FT3
1,FT4
3,FT6
1,FT7
2,FT8
3,FT9
1,FT10
26,FT10
8,FT11
3,FT12
3,FT13
7,FT14
7,FT15
16,FT16
3,FT18
1,FT20
1,FT21
3,FT22
1,FT24
3,FT28
26,FT30
2,IGi10
1,IGi20
15,IGi25
15,IGi30
2,IrE1
16,IrK2
7,IrK7
9,IrK15
10,IrK25
10,IrK27
2,IrL10
13,IvY10
15,IvY10
16,JCa4
7,JCa7
7,JCa9
1,JCv10
10,JCv16
1,JFe10
7,JFe20
7,KRz14
3,KRz14
1,KRz25
1,KRz32
10,KRz32
1,KuF9
1,KuF10
12,LFo10
8,MBc10
4,MdC10
4,MdC16
3,MPi23
3,MPi40
20,MPi20
1,MPi45
16,MPi50
2,NLl93
2,NLl94
2,NLl95
2,NLl96
13,NLl97
2,NLl97
2,NLl98
2,NLl99
2,NLl100
2,NLl101
2,NLl102
2,NLl103
2,NLl104
2,NLl105
2,NLl106
2,NLl107
2,NLl108
2,NLl109
2,NLl110
2,NLl111
2,NLl112
2,NLl113
2,NLl114
2,NLl115
12,RCu10
12,RCu12
15,SHa7
9,SHa10
3,SHa10
2,SHo2
2,SHo4
2,WWh50
9,WWh80
1,AnT2
1,AnT4
1,AnT9
1,AnT12
1,BeW4
1,BeW10
1,BeW12
9,ChH3
2,ChH10
1,DiD10
15,DoS8
15,DoS9
15,DoS12
1,DPt2
7,DPt6
17,DPt16
17,DPt17
1,DPt19
10,DPt21
3,DPt23
4,DPt23
10,DPt33
3,DPt35
3,DPt36
7,DPt37
7,DPt39
7,DPt41
7,DPt42
72,DPt42
3,ERr20
3,ERr22
1,ERr30
12,ERr33
3,ERr37
3,ERr40
3,ERr43
3,ERr45
3,ERr47
3,ERr50
3,ERr52
3,ERr55
1,HSr10
2,INw30
2,INw31
2,INw32
2,INw33
20,INw50
1,INw60
9,JLG1
3,JLG4
1,JLG4
1,JLG8
3,JLG9
2,JLG11
3,JLG14
13,JLG15
3,JLG16
7,JLG21
3,JLG22
1,JLG25
1,JLG40
3,JLG45
1,JLG50
7,JLG52
4,JLG55
16,JLG61
1,JLG63
17,JLG65
2,LeH10
2,Leh20
2,Leh21
1,MeF10
2,PlA100
2,PlA101
1,PlA120
2,PlA120
3,PWe2
7,PWe4
3,PWe4
3,PWe6
2,PWe10
16,PWe15
1,PWe15
35,RuM30
7,RuM37
35,RuM37
35,RuM40
2,SRo1
2,SRo2
2,SRo3
2,SRo4
2,SRo5
1,SRo20
20,SRo32
10,SRo35
2,SRo35
16,SRo37
18,SRo37
1,SRo40
1,TRs1
1,TRs3
1,TRs4
1,TRs8
1,TRs12
7,TRs15
10,TRs16
1,TRs17
1,TRs18
10,TRs19
9,TRs22
1,TRs23
12,TRs25
16,TRs28
15,TRs32
1,xDe10
2,ACj110
2,ACj111
2,ACj112
2,ACj113
2,ACj114
2,ACj115
2,ACj116
2,ACj117
2,ACj118
2,ACj119
2,ACj120
2,ACj121
2,ACj122
2,ACj123
2,ACj124
2,ACj125
2,ACj126
2,ACj127
2,ACj128
9,AlZ4
9,AlZ5
1,AlZ25
10,BiK10
18,ClL25
8,DuC10
71,DPo2
71,DPo4
1,DPo6
7,DPo7
26,DPo7
15,DPo15
3,DSm10
8,ECo20
7,FCo10
7,FCo20
2,GeR1
18,GiP20
9,GOu20
1,GOu35
13,GPl10
2,GSj1
2,GSj2
2,HAG1
16,IMx10
1,IS2
1,IS5
15,IS7
1,IS7
1,IS8
1,IS9
3,IS10
7,IS11
1,IS16
15,IS16
3,IS20
3,IS25
7,JL5
7,JL10
7,JL13
7,JL15
3,JqD2
3,JqD3
4,JqD4
4,JqD5
12,JqD7
4,JqD22
7,JqD22
16,JqD28
13,JSq10
18,JWa1
10,JWa2
8,LRg10
10,LSt10
15,MaB1
2,MaB10
15,MaB12
15,MaB15
15,MaB21
15,MaB23
15,MaB28
15,MaB30
17,MBo10
17,MBo11
17,MBo12
17,MBo16
17,MBo12
17,MBo17
2,MeW10
13,MeW30
1,NOs2
1,NOs3
35,NOs30
35,NOs35
12,NOs35
35,PVh9
10,PVh12
10,PVh16
10,PVh17
3,PVh18
10,PVh18
35,PVh19
2,RiD1
4,RMD10
35,RMD10
7,RRu15
1,RRu20
15,RtP10
9,SiA10
1,StB2
1,StB3
1,StB5
2,AKj10
2,AKj11
2,AKj12
2,AKj13
2,AKj14
2,AKj15
2,AKj16
2,AKj17
2,AKj18
2,AKj19
2,AKj20
2,AKj21
1,AxS10
1,BFo1
1,BFo12
12,BFo13
1,BFo14
8,CBl20
8,CBl25
8,CBl26
8,CBl30
8,CBl32
8,CBl35
8,CBl40
8,CBl60
8,CBl67
8,CBl69
8,CBl70
8,CBl73
8,CBl80
73,ElP10
1,ElP30
1,EOB1
15,FrF26
15,FrF28
15,FrF30
7,FrF30
15,FrF35
15,FrF40
7,FrF40
15,FrF45
7,FrF45
7,GeW3
7,GeW5
15,GnN10
4,GnN14
4,GnN15
2,GoH10
2,GoH50
2,GoH51
2,GoH52
2,GoH53
12,GoH54
1,GxR10
3,GxR10
1,GxR15
7,GxR20
1,HiT15
3,HiT15
8,HiT33
1,HiT35
3,HrC10
15,HrR10
15,HrR12
1,ICs1
8,ICs4
1,ICs4
1,ICs7
1,ICs9
8,ICs12
1,JoQ10
11,MBd10
8,NKp1
8,NKp5
8,NKp10
1,NKp12
1,NKp22
3,NKp22
8,NKp30
3,NKp40
1,PaP2
1,PaP10
74,PaP15
1,PaP19
1,PaP20
12,PaP20
1,PaP25
35,PaP35
7,PdB3
2,PdB6
7,PdB10
7,PEt10
26,PMo1
26,PMo3
26,PMo5
7,PMo12
35,PMo12
75,PMo13
75,PMo15
35,PMo15
3,PMo17
3,PMo19
15,PMo22
35,PMo22
7,PMo24
1,PMo27
35,PMo27
1,PlT1
1,PlT8
1,PlT10
1,PlT40
1,PlT50
16,PlT50
1,PlT60
17,PlT60
2,PtZ10
4,RDL3
7,RDL3
4,RDL5
7,RDL5
7,RDL6
7,RDL7
10,RDL10
7,RDL11
2,RDL11
10,RDL12
9,RDL13
16,RDL13
1,RDL15
11,RDL17
1,RDL18
12,RDL19
12,RDL20
7,RDL24
2,RDL24
7,RMe5
3,RMe5
5,RMe12
3,RMe12
1,RoP2
15,RoP2
15,RoP4
7,RoP4
15,RoP5
1,RoP6
1,RoP7
5,RoP8
15,RoP9
1,RoP10
2,RoP15
26,RoP20
35,RoP20
2,RoP22
15,RoP27
11,SaP2
11,SaP4
1,SaP6
10,SaP11
11,SaP13
10,SaP15
10,SaP20
10,SaP30
8,SCl5
8,SCl10
17,SeL1
9,SeL3
11,SeL20
11,SeL26
11,SeL28
11,SeL30
1,SeL45
10,SeL45
20,SeL55
10,SeL55
15,SlV10
14,WRe10
14,WRe20
14,WRe25
14,WRe35
14,WRe38
14,WRe40
12,AMg7
15,AMg10
2,ARG2
1,Ava3
1,AVa10
8,AVa10
16,AVa12
15,AVo10
1,BB2
1,BB5
1,BB6
3,BB7
18,BB8
1,BB10
16,BB11
1,BB15
1,BB17
3,BtB3
7,BtB3
7,BtB15
35,BtB15
3,BtB25
3,BtB29
3,BtB32
2,BGi10
2,BGi11
2,BGi13
2,BGi14
2,BGi15
2,BGi16
2,BGi17
2,BGi18
2,BGi19
2,BGi20
2,BGi21
9,CJ4
35,CJ6
9,CJ8
76,ElS2
11,ElS4
1,FPy1
1,Fpy7
1,FPy8
7,FPy8
7,FPy10
16,FPy20
1,FPy22
8,FPy30
1,GgE10
1,GlR15
1,GlR20
1,GlR25
1,GRH1
1,GRH2
3,GRH3
1,GRH4
7,GRH5
9,GRH6
7,GRH8
2,GRH8
9,GRH9
7,GRH10
10,GRH10
3,GRH11
1,GRH12
1,GRH20
9,ILb10
35,ILb12
15,HHe1
2,JsL10
15,JsL10
16,JPd10
1,JPd20
35,LFr10
15,LFr10
16,LHM1
9,LHM1
12,LHM3
7,LHM10
4,PY1
20,PY4
20,PY7
2,PY10
1,PY11
13,PY19
2,PY25
3,PY32
3,PY34
1,PY34
20,PY37
1,PY38
15,RD4
12,RD5
1,RD9
10,RD10
4,RD18
10,RD19
10,RD25
1,RD30
10,RD35
7,RD37
11,RD37
2,RD41
10,RD43
16,RoT20
1,RNe1
1,RNe2
13,RNe10
1,RNe15
13,RNe23
2,SP5
2,SP6
12,SP25
1,SP35
9,SP40
10,SP45
1,SP46
7,SP46
2,SP47
1,SP49
1,SP55
7,SP57
3,SP61
9,SP61
16,SP61
1,SP65
2,SP67
2,SP68
15,SP68
1,SP75
1,AMk10
1,ASe10
7,BdY3
7,BdY4
7,BdY5
15,BuT10
15,CuH14
1,CuH20
12,DCh10
35,DCh15
35,DCh25
15,FFC1
4,FFC3
7,FFC3
10,FFC5
2,FFC6
10,FFC7
10,FFC8
7,FFC9
1,FFC10
1,FFC12
1,FFC15
16,FFC20
1,FFC24
10,FFC24
15,FFC26
1,FFC29
12,FJS10
16,FJS13
17,FJS14
9,FJS16
2,FJS18
10,FJS22
1,FJS22
16,FJS22
2,FJS29
4,FJS35
7,GLt2
7,GLt10
2,GLt20
2,HvH10
2,HvH11
2,HvH12
2,HvH13
2,HvH14
15,ILa10
7,ILa15
7,ILa31
7,ILa32
7,ILa33
15,ILa34
7,ILa38
7,ILa40
7,ILa50
7,ILa55
7,ILa62
4,ILa62
2,JaS10
2,JaS11
2,JaS12
2,JaS13
2,JaS13
3,JaS20
7,JaS20
2,JaS38
26,JaS38
9,JaS40
35,JaS42
1,Jas44
10,JaS46
10,JaS48
3,JaS65
7,JGi10
3,JGi10
2,JSn10
7,KgD10
7,LiW8
1,LiW8
1,LiW9
1,LiW10
2,LiW14
1,LiW30
11,NJ5
2,NJ7
7,NJ7
5,NJ8
4,NJ11
10,NJ13
1,NJ20
3,NJ25
7,NJ30
1,NJ34
16,NJ42
7,NMa10
8,PdR10
1,PK3
15,PK5
10,PK6
16,PK7
1,PK15
16,PK20
2,PK22
20,PK22
2,RHd2
2,RtD10
2,RtD11
2,RtD12
2,RtD13
15,RyS10
4,RyS10
15,RyS20
4,SPv10
13,SSe10
13,WHu1
7,WHu7
16,WHu10
2,WHu14
3,WHu14
7,WHu17
3,WHu17
1,WHu27
1,Whu29
7,AaB10
10,AII1
3,AII1
10,AII3
11,BuK3
11,BuK5
7,BuK10
11,BuK10
1,CB14
1,CB15
1,CB18
2,HaM10
2,HaM11
15,HGL6
9,IDk3
35,IDk3
9,IDk6
35,IDk6
35,IDk10
9,IDk30
7,IDk32
35,IDk32
77,IvP20
7,IvP24
16,IvP40
3,JEu15
1,JEu20
26,JEu20
11,JGs6
9,JGs10
1,JGs20
10,JGs20
7,JGs30
10,JGs31
16,JGs40
3,KRu2
15,KRu4
35,KRu4
4,KRu6
16,KRu7
4,KRu8
16,KRu9
4,KRu9
35,KRu9
12,KRu10
16,KRu10
7,KRu22
1,KRu25
1,KRu25
3,KRu28
17,KRu32
3,KRu37
2,LeP10
1,LFa10
1,LHz15
8,LHz20
2,LwT10
1,LwT20
1,LwT30
15,LwT33
9,LwT39
15,LwT43
10,LwT50
8,MAp7
8,MAp14
8,MAp21
16,MAp25
7,MAp27
1,MAp29
8,MAp34
16,MAp39
8,MAp41
1,MAp42
8,MAp43
8,MAp43
2,MAp45
1,MAp47
1,MAp50
20,MAp50
9,MAp51
10,MAp51
8,MAp52
3,MF2
1,MF5
4,MF6
16,MF8
1,MF9
16,MF15
7,MF18
1,MZ1
7,PTw9
11,PTw9
3,RuT30
7,RuT30
3,RuT36
7,RuT36
35,TyN10
7,TyN10
13,UbR10
17,TGA2
7,TGA4
1,TGA8
7,TGA20
7,TGA22
2,WFr10
2,WFr11
2,WFr12
2,WFr13
2,WFr14
7,WFr33
2,WFr35
10,WFr35
15,WFr36
1,WFr38
10,WFr39
7,WFr45
10,WFr60
15,WFr70
10,Z6420
13,Z6420
7,Z6420
2,AlM10
13,AMD3
9,AMD16
2,CCG1
2,CCG3
8,CCG4
1,CCG7
1,CCG8
1,CCG10
2,CCG15
1,CCG24
7,EtS4
3,EtS5
1,EtS5
1,EtS7
17,EtS7
3,EtS10
1,EtS10
7,FrC1
4,FrP2
1,FrP10
2,HCo10
10,IBo2
10,IBo3
3,IBo4
1,IBo5
9,IBo5
12,IBo7
12,IBo20
10,IBo27
10,IBo30
20,IBo35
16,IBo35
1,JBH10
12,JBH20
20,JBH30
2,JBw10
15,JkH10
15,JkH20
1,JTl9
1,KLo15
1,KLo40
8,KLo40
7,KLo43
8,KLo46
1,KLo46
16,KLo48
1,KLo48
1,KLo51
3,KLo55
1,KLo56
2,LiS10
7,LiS10
1,MBe1
7,MBe2
1,MBe4
1,MBe8
1,MBe10
35,MBe10
1,MBe18
15,MRv2
15,MRv4
15,MRv6
3,NoT3
7,NoT5
4,NoT5
11,NoT10
3,NoT10
7,NoT12
12,NoT15
8,RKp10
3,SiM10
7,SkT1
11,SSa10
35,StA10
15,StA10
1,VGg10
1,WaL10
15,WCo10
12,WjH10
10,WTN10
10,WTN12
13,Z6510
3,BBw10
3,BBw20
10,DoH10
10,DrH10
7,EBy10
15,EBy10
28,EBy20
28,EBy22
11,FBe11
17,FBE15
7,FZe1
1,FZe2
3,FZe2
16,FZe3
3,FZe6
4,FZe7
4,FZe10
1,FZe15
1,FZe21
17,FZe23
3,FZe23
7,GAd5
7,GAd10
1,GiG10
7,HyA2
15,HyA3
7,HyA10
7,HyA30
1,JAT3
11,JeH10
1,JeH30
17,JKz2
8,JNe20
10,JSg5
10,JSg6
16,JSg18
7,JSg22
65,JSg35
1,JSk25
13,JuF4
13,JuF6
13,JuF10
13,JuF18
13,JuF20
13,LBn10
9,LBn30
35,MlC10
13,MlC15
10,MeG12
1,MeG30
10,MeG40
1,MeG51
7,MN2
7,MN6
16,MN8
1,MN8
1,MN11
1,MN15
1,MN20
1,MN22
26,MN25
7,MN25
15,MN25
7,MN27
7,MN28
7,MN31
13,MN31
35,MiS3
12,MiS3
35,PlM1
7,REM5
35,RyK10
1,RyK10
35,RyK12
1,RyK12
11,SeC10
7,SNz10
1,SNz10
15,SRm1
35,SRm5
15,SRm10
7,SRm10
8,WKl17
8,WKl19
8,WKl20
16,WKl35
1,VoS20
1,VoS22
1,VoS26
13,VoS40
3,VoS42
1,VoS48
11,Z6640
7,Z6650
3,Z6650
1,NPk10
3,NPk30
1,NPk30
1,ADr10
4,ADr10
10,BrS10
10,BrS12
7,CaR1
7,CaR5
26,CaR7
7,CaR7
7,CaR15
7,CaR20
7,CaR22
7,CaR24
7,CaR30
7,CaR31
2,CaR35
7,CaR35
3,CaR38
7,CaR38
10,CfO10
10,CfO20
8,FrW10
8,FrW14
8,FrW18
8,FrW22
8,FrW30
8,FrW50
3,GSs1
7,GSs1
7,GSs2
1,IAv4
1,IAv7
3,IAv10
2,IAv16
20,IAv18
7,IAv18
8,IAv19
1,IAv19
10,IAv20
10,IAv21
7,IAv25
10,IAv27
17,JFC15
15,JrS10
1,JSi10
20,JTh10
1,LaJ13
12,LaJ20
7,MRt6
7,MRt7
7,MRt8
9,MRt11
15,MRt11
7,MRt18
7,MRt20
16,MRt27
1,MVP43
3,MVP47
2,PCo11
2,PCo12
9,PCo13
9,PCo17
7,RDh10
15,SaG10
1,ToL1
1,ToL10
3,WBz13
35,WBz13
15,WH9
9,WH11
9,WH30
8,WH38
1,AlF10
1,AHv10
1,AnP7
1,AnP18
7,BdP2
2,BdP8
4,BdP10
2,BdP11
15,BdP12
13,BdP13
2,BdP13
7,BdP14
15,BdP14
1,BdP15
2,BdP17
35,BdP17
20,BdP18
10,BdP19
1,BdP21
1,BdP23
1,BdP25
15,BdP25
1,BdP26
10,BdP30
2,BdP32
2,BMy14
10,BzK8
10,BzK20
9,CPR10
8,FeS10
14,GgD10
1,GiC3
7,GiC10
3,GiC10
3,GiC12
15,GRo1
15,GRo5
15,GRo7
15,GRo12
15,GRo15
15,GRo20
15,GRo30
15,GRo35
7,GPi10
7,GPi13
20,GuL10
7,HMo10
13,JOC10
11,JOC10
14,JfH10
15,JFr8
15,JFr10
15,JFr12
15,JFr15
15,JFr22
1,JGo10
10,JGo13
20,JHe10
7,JiC20
15,JiC20
13,JMB2
4,JMB5
26,JMB7
3,JMB7
3,JMG4
7,JMG4
35,JRl10
35,JRl15
35,JRl20
35,JRl10
3,JSt1
1,KBi5
2,KFu10
28,KFu30
8,KlW10
7,MB1
7,MB2
7,MB3
7,MB4
7,MB6
7,MB15
7,MB17
7,MB20
7,MB22
13,MgT10
7,MRy1
11,MRy7
16,MRy9
3,MRy10
16,MRy19
4,MRy19
1,MRy21
2,NoB3
35,NoB10
15,PBo2
3,PBo3
7,PBo5
7,PBo6
1,PBo9
17,PBo9
7,PBo11
8,PBo15
7,PBo20
3,PBo22
2,PlB2
11,PlB12
1,PlB20
3,PlB32
1,PNe4
10,SuR5
5,UlG10
16,UlG10
1,UlG22
15,WLW10
13,WLW10
13,WLW15
15,WLW15
1,YYa1
1,YYa10
1,YYa11
1,YYa58
7,YYa59
1,YYa60
7,YYa62
3,YYa78
7,YYa82
15,AlA10
15,AlG11
3,ATe10
2,ATe10
2,ATe20
1,ATe22
10,BGH9
10,BGH10
10,BGH20
9,BGH26
8,BSc7
8,BSc11
16,BSc20
16,BSc25
2,BSc28
1,BSc40
75,CAm5
75,CAm7
8,CAm12
8,CAm25
3,CAm30
10,DCa5
13,DCa10
1,DHo18
10,DHo22
4,HbR1
7,HbR4
5,HbR5
7,HbR6
5,HbR8
1,HbR9
7,HbR10
4,HbR17
1,HbR21
1,HbR22
3,HbR30
1,HbR30
3,HbR31
1,HbR31
3,HbR32
20,HbR32
7,HbR34
2,HJL10
7,IDx5
1,IDx10
8,IWa1
15,IWa1
15,IWa2
35,IWa2
35,IWa7
15,IWa10
35,IWa10
15,IWa14
35,IWa14
15,IWa20
35,IWa20
4,IWa30
7,IWa30
78,IWa35
7,IWa40
26,IWa40
7,JAu8
35,JAu8
7,JAu10
3,LPe3
1,LPe7
1,LPe15
8,MkK10
7,MRr5
20,NiR1
1,NiR1
1,NiR2
2,NiR3
15,NiR3
13,NiR4
16,NiR40
3,NiR40
1,OuS5
1,OuS6
1,OuS10
1,OuS20
9,PHt1
9,PHt11
9,PHt13
12,PHt13
14,PHt13
10,PHt15
9,PHt20
16,RA2
1,RA3
18,RA5
16,RA5
4,RA8
1,RA10
16,RA10
16,RA15
16,RA17
1,RA19
1,RA22
7,RbD3
79,RbD3
7,RbD10
1,RWF1
1,RWF2
26,RWF3
20,RWF4
16,RWF6
1,RWF8
1,RWF10
3,RWF15
1,RWF15
1,RWF16
3,RWF16
3,RWF18
1,RWF26
1,RWF27
3,RWF27
1,RWF33
7,RWF33
3,SBg10
14,SBg10
7,WA1
7,WA2
7,WA3
7,WA4
13,WA4
7,WA5
3,WA6
3,WA8
3,WA9
7,WA10
7,WA11
3,WA12
3,WA13
7,WA14
3,WA15
1,WA17
7,WA18
3,WA18
7,WA19
1,WA20
1,WA21
1,WA22
7,WA23
3,WA25
4,WA25
7,WA26
7,WA27
7,WA28
1,WA29
35,WEd10
15,WEd10
2,WGr10
3,WiG10
4,WiG10
80,WiG15
1,xAx10
17,xOz10
1,Z6930x
1,Z6940
17,Z6950
15,AyM10
15,AyM15
35,AyM18
3,BRf1
1,BRf2
1,BRf4
10,BRf20
9,BRf30
16,BRf30
3,BRf32
3,BRf34
2,BRf38
2,BRf395
2,DaA3
15,DaA5
4,DaA5
15,DaA7
15,DaA9
15,DaA13
15,DaA18
15,DCs1
15,DCs10
15,DCs12
17,DCs15
15,DCr14
13,DCr15
2,DCr17
15,DCr18
15,DCr20
2,DCr22
16,DCr22
12,DCr25
3,DCr30
1,DCr30
1,DCr35
3,DCr35
35,DCr37
15,DHe10
15,DoC7
12,DoC10
8,EdA5
8,EdA10
8,EdA15
8,EdA20
10,EGC10
3,EGC10
7,EMa10
7,EMa15
11,FKr15
11,FKr17
11,FKr20
14,FrB1
14,FrB3
14,FrB5
14,FrB7
14,FrB9
14,FrB11
14,FrB13
14,FrB17
14,FrB21
1,FSc1
1,FSc5
11,FSc10
1,FSc15
7,FSc18
1,FSc20
1,FSc25
1,FSc29
7,FSc31
8,FSc31
3,FSc34
9,FSc34
16,GiB10
1,GiK1
3,HAs2
7,HAs3
3,HAs4
7,HAs4
4,HAs5
1,HAs5
1,HAs6
7,HAs7
7,HAs9
1,HAs9
7,HAs10
1,HWe10
7,HPr10
4,HPr20
7,JaB2
1,JaB5
81,JSb3
81,JSb5
1,JSb10
1,JSb13
1,JSb20
1,JSb27
1,JSb30
12,KCo15
9,KCo20
7,KCo20
12,KCo22
12,KCo25
1,LJe1
12,LJe2
1,LJe4
14,LJe4
8,LKa1
1,MS0
10,MS2
1,MS3
7,MS4
1,MS5
10,MS6
1,MS7
4,MS7
8,MS10
4,MS10
16,MS18
7,MS19
1,MS19
7,MS20
12,MS20
1,MS22
1,MS23
1,MS25
2,MS26
3,MS28
16,MS29
1,MS30
16,MS32
1,MS34
17,MS35
8,MWa4
15,MWa10
1,PaS10
15,PeS3
2,PeS5
16,PM2
7,PM2
3,PM3
7,PM3
1,PM6
1,PM9
3,PM10
7,PM12
3,PM15
7,PM15
1,PM20
7,PM20
1,PM21
35,RAu10
10,RAu40
2,Rau60
11,RBe1
5,RBe2
2,RBe5
20,RBe12
1,RBe15
1,RBe19
1,RFu10
7,RFu11
15,RFu11
7,RFu12
15,RFu12
12,RFu20
1,ShB10
8,ShB10
1,ShB20
1,TAn12
1,TAn16
18,TAn20
1,TAn21
15,SSg20
1,ThC40
7,VME8
15,VME9
3,VME11
7,VME13
9,VME14
7,VME15
11,VME18
7,VME20
20,VME35
7,VME40
15,WCr4
15,WCr5
15,WCr6
15,WCr10
15,WCr15
15,WCr17
15,WCr19
15,WCr20
15,WCr22
15,WCr40
15,WCr42
15,WCr43
15,WCr44
15,WCr46
8,WCr48
1,WCr48
7,WCr49
9,xFr10
16,Z7110
2,AJP1
2,AJP2
16,AJP3
3,AJP5
1,AJP7
1,AJP15
1,AJP25
20,AJP29
7,ATa10
15,AJy20
2,CEa1
11,CEa2
11,CEa3
11,CEa5
9,CEa6
10,CEa7
11,CEa10
16,CEa12
16,CEa14
10,CEa15
11,CEa16
20,CEa17
3,CEa18
2,CEa19
1,CEa20
2,CEa21
2,CEa22
1,CH5
11,CH10
7,CoH1
7,CoH2
7,CoH3
1,CWr3
2,CWr10
1,DaT10
13,DTr3
13,DTr10
9,EPe10
4,FAs1
13,GgL1
1,GgL2
13,GgL3
13,GgL5
13,GgL6
20,GPk10
20,GPk14
7,HJ5
3,HJ5
7,HJ7
7,HJ10
7,HJ12
3,HJ14
25,HJ18
15,HKu10
7,IBa7
4,IBa9
3,IBa10
15,IBa10
9,IBa12
10,IBa13
13,IBa16
7,IBa20
10,IBa20
10,IBa22
10,IBa23
82,IHk10
16,IHk20
15,IHk25
11,IHk30
35,JBi10
7,IvR4
7,IvR6
7,IvR10
7,IvR12
7,IvR14
7,IvR19
7,IvR21
7,IvR23
3,IvR23
9,IvR25
35,JeA10
12,JJA5
1,JJA7
1,JJA10
3,JJA20
35,JJA20
16,JJA25
35,JLr10
15,JLr10
10,JVl10
10,JVl12
15,LnK10
1,LTu10
1,LTu30
7,MiL1
7,MiL4
7,MiL5
7,MiL7
7,MiL9
7,MiL11
7,MiL12
7,MiL14
7,MiL17
7,MiL20
3,MiL22
7,MiL22
3,MiL24
3,MiL28
1,MiL29
4,MiT3
15,MSL10
13,MSL15
16,MvC10
1,MvC30
15,PDu3
10,PDu10
10,PMa5
2,PWr2
5,PWr3
1,PWr4
10,PWr5
1,PWr5
3,PWr6
1,PWr6
1,PWr8
1,PWr12
3,PWr14
7,PWr14
9,PWr16
3,PWr16
1,PWr21
14,RBa1
35,RBa1
7,RBa1
14,RBa2
14,RBa3
14,RBa4
14,RBa5
14,RBa6
14,RBa7
14,RBa8
14,RBa12
3,RBa12
14,RBa16
3,RBB10
10,RSa5
2,RSa5
11,RSfl0
5,RSf20
1,RvP1
8,RvP6
8,RvP9
1,RvP13
7,SPo2
2,Spo8
1,StF3
1,StF4
3,StF5
26,StF10
7,StF12
1,StF12
1,StF13
7,StF14
1,StF14
7,StF17
1,StF17
1,StF20
1,StF23
13,YBa10
1,BaP10
5,BCl1
5,BCl4
1,BCl5
7,BCl10
14,CAN10
1,DaH1
1,DaH2
7,DuW10
11,EgM10
15,EgM12
1,ELh1
9,EuM10
1,GCS10
1,GBl10
7,GBl20
35,GrD10
15,HwM10
10,JeJ10
9,JeJ15
15,JqL10
66,LCh1
1,LCh2
1,LCh3
15,LCh5
15,LCh13
15,LCh14
13,LCh14
16,LCh15
15,LCh16
13,LCh25
15,LCh31
15,LCh36
15,LCh39
2,LCh39
2,LCh45
11,MoH3
1,MoH10
35,PBa1
13,PBa3
2,PBa3
26,PBa3
10,PBa4
26,PBa6
7,PBa8
7,PBa9
1,PBa12
2,PCr8
1,PMe10
15,PMe15
7,PMe20
10,PMe30
10,PMe32
10,PMe36
1,PVg10
20,RAC10
7,RAC10
13,RAC20
15,RtY10
7,RtY14
7,RtY15
14,RWl10
7,TmM1
20,TmM1
13,WlC10
15,WlC10
12,WSt10
15,AMe10
1,AMy3
9,AMy3
35,AMy10
7,AMy10
7,AMy18
7,AMy20
4,APa5
8,APa6
1,APa6
4,APa7
1,APa12
1,APa20
17,APa20
8,APa24
4,APa25
4,APa30
16,APa30
1,BGu10
15,BGu10
8,CSe6
7,CSe10
3,CSe15
1,DDu10
2,DDu15
16,EdC10
16,GKc4
15,GlJ10
7,GlJ40
83,GLJ44
8,GlJ50
1,GlJ50
1,GlJ60
10,IMi1
9,IMi4
10,IMi10
10,IWo10
10,IWo15
10,IWo25
10,IWo35
10,IWo37
10,IWo38
10,IWo40
13,IWo40
17,JCJ10
10,JkS5
2,JkS10
15,JMP10
10,KrD10
10,MCi1
1,MCi2
11,MCi3
1,MCi10
13,MiC5
10,MiC11
2,MiC15
13,MiC20
1,MiC25
7,MMG10
8,MWu10
4,PHz10
8,PHz10
9,RbC10
2,RbC20
10,RCm10
10,RCm15
14,RLa1
14,RLa2
28,ShM5
18,ShM5
13,ShM10
28,ShM15
8,SRd10
8,SRd30
10,TMa1
1,TMa1
1,TMa10
1,TMa11
35,Z7310
3,AZu5
35,AZu25
8,BbM5
8,BbM10
8,BbM19
8,BbM22
1,BTv5
4,BTv16
8,BTv16
1,BTv22
1,BTv24
8,BTv26
9,BTv27
20,BTv29
1,CWh10
7,CWh10
1,DaG3
1,DaG6
2,DaG10
1,ERz3
1,ERz6
1,ERz10
1,ERz18
1,ERz19
1,ERz20
1,ERz21
15,GLe10
12,GNe5
9,GPC5
9,GPC10
10,GPC20
10,GPC25
11,GPC29
13,ICa8
2,ICa8
13,ICa9
7,ICa20
13,ICa20
9,ICa25
10,ICa25
15,ICa27
10,JDe1
7,JDe3
11,JDe5
2,JDe8
1,JDe10
1,JDe12
3,JDe15
8,JDe19
7,JDe20
15,JDe23
16,JDe25
4,JDe27
1,JDe28
2,JDe32
1,JDe35
4,JDe36
16,JDe36
2,JDe40
4,JHr10
4,JHr20
4,JHr30
1,JMS1
1,JMS2
7,JMS9
2,JSz3
3,JSz4
9,JSz10
12,JSz12
2,JSz15
35,JuJ1
35,JuJ3
35,JuJ4
35,JuJ5
35,JuJ10
35,JuJ15
35,JuJ17
35,JuJ19
8,KBu10
8,KBu20
8,KBu22
8,KBu24
8,KBu40
8,KBu45
8,KBu50
8,LoG40
1,Ph4
17,MBn10
1,MBn10
16,MiD10
16,MiD20
1,MLd10
35,MLi10
2,PGD11
15,RBl10
13,SBs10
9,StC10
1,StC12
9,StC20
11,StC30
16,ToA10
15,ToH1
15,ToH3
15,ToH14
12,ToH20
15,ToH26
13,ToH30
15,ToH40
1,YRa10
7,Z7410
15,Z7410
3,ClW20
2,DRi10
1,DRi14
1,DRi20
1,HeB1
1,HeB3
8,HeB5
3,HeB10
3,HeB12
8,HeB15
15,JiS10
84,JiS10
10,JKp15
10,JKp18
1,JKp30
2,JKp32
11,JKp35
2,JKp35
9,JPR25
15,MxA10
85,NSg10
17,PaC20
18,PaC20
1,PaC24
3,PaC24
1,RaK3
4,RaK5
3,RaK7
35,RaK7
3,RaK8
3,RaK9
10,RaK9
7,RaK15
12,TgG1
12,TiG2
12,TGi4
12,TGi5
12,TGi6
3,TGi7
13,TgG8
1,TGi9
1,TNu3
16,TNu10
10,WHl4
1,WHl8
10,WHl10
10,WHl15
10,WHl20
10,WHl30
11,WHl32
16,WHl32
11,WWi10
16,WWi10
7,ARu4
3,ARu10
2,ARu20
3,ARu20
86,ARu28
8,BaK1
8,BaK20
7,BeG10
7,BBa1
3,BBa1
35,BBa1
20,BBa5
1,BRB3
1,BrB5
10,BrB5
3,BRB7
1,BrB10
3,BrB20
3,BrB21
1,BrB22
1,BrB27
2,BrB30
2,TiB3
20,BuR25
7,CGo10
10,CGr10
10,CkB10
1,ChL1
7,ChL2
1,ChL2
3,ClM30
1,ClM40
1,DnD10
8,GeB3
8,GeB10
9,GeO10
10,IFy10
10,IFy20
66,IFy27
10,IFy40
9,ILn10
10,JFg20
35,JoD5
7,JoD5
15,JoD9
15,JoD11
7,JoD12
13,JoD12
7,JoD13
12,JoD20
7,JoD26
7,JoD30
7,JoD34
14,JoD40
9,JoD40
7,JsF10
7,JsF20
35,LIC10
1,LIC20
1,LIC30
1,KSh10
16,MAk10
7,MLH5
26,MLH10
3,MLH20
10,MLu10
10,MMi10
7,MMi21
7,MSz10
16,MSz11
7,MSz25
1,MxB10
2,RbM1
7,RbM1
1,RbM10
12,RHf10
2,RHf10
10,RHf20
10,RHo1
7,RHo5
3,RHo10
3,RHo12
13,RHo12
7,RHo14
12,RHo15
3,RHo17
7,RHo20
10,RHo22
12,RHo24
12,RHo27
16,RHo29
17,RHo29
9,RHo29
2,RHo31
7,RHo34
7,RHo35
16,RHo36
85,RMr10
4,SOS10
16,SOS10
9,SRf10
13,SRf21
1,TKo15
1,TKo19
10,TKo20
10,TKo22
15,WGi5
15,WGi10
15,WGi15
2,WiW9
2,WiW12
12,WiW20
12,WiW25
20,WiW27
4,WiW30
16,Z3410
8,Z3411
8,Z3412
8,Z3414
13,AGr10
10,AsL10
1,CBt3
7,CBt10
4,CSr8
4,CSr10
4,CSr15
1,CSr20
15,EMt10
7,FrS10
1,FrS10
10,HNe10
87,HNe15
7,HNe17
10,HNe17
88,HNe17
7,HNe20
7,HNe25
10,HNe25
9,HoG10
3,JBr10
1,JNi1
7,JNi10
11,JNi10
10,JNi20
89,JNi24
1,MPr4
1,MPr6
7,MPr10
4,MPr11
1,MPr25
7,NCh10
3,RBn10
15,RCj10
15,RCj11
15,RCj20
1,RDo10
2,RDo20
7,RDo26
7,RDo28
1,RDo30
2,RDo32
28,RDo36
1,RDo40
8,RMY10
54,RMY15
2,SCo10
35,SLw10
15,SRi2
15,SRi3
15,SRi5
15,SRi6
15,SRi8
15,SRi9
7,SRi10
2,SRi18
71,SRi19
9,SWa10
1,TAb10
35,UlO10
1,UlO12
10,UlO17
1,UlO17
35,UlO20
35,UlO25
9,UlO25
35,WLe10
13,WSa5
13,WSa10
7,WSa10
15,AlB10
3,BuH10
7,BuH15
9,CBP10
15,CBP12
28,CoA10
15,DDy10
35,DDy10
12,DeJ10
1,DeJ28
34,DeJ32
13,DLy1
16,DLy2
13,DLy5
7,DLy8
12,DLy8
90,DLy8
1,DLy8
1,DLy10
20,DLy10
1,DLy12
1,DLy18
9,DLy21
16,DLy21
48,DLy25
1,DWr10
3,DWr10
8,ErM3
16,ErM10
8,ErM10
8,ErM20
16,ErM25
3,FDG10
1,FGi10
7,FGi20
4,FMx10
16,FMx10
12,GeM2
10,GeM5
12,GeM17
8,GeM17
2,GeM17
1,GeM17
7,GeM30
12,GeM30
15,IdB10
7,IdB10
15,IdB12
7,IdB12
15,IdB14
7,IdB14
15,IdB16
7,IdB16
15,ICd10
13,HgS10
7,HoZ10
7,HoZ12
7,HoZ18
7,HoZ21
20,HoZ21
7,HoZ23
7,HoZ24
15,HSu10
13,JCm5
10,JCm5
13,JCm10
13,JCm13
10,JCm20
13,JCm20
10,JCm25
3,JCm25
8,JCm28
1,JCm28
18,JCm28
9,JTo3
3,JTo5
7,JTo5
8,JTo7
7,JTo15
10,LBe10
2,LBe10
1,LBe15
17,LBe20
17,LBe21
1,LBe21
1,PSc1
1,PSc10
1,PSc12
15,PSc30
1,PSc39
1,PSc41
7,RBu10
11,RBu10
10,RBu15
7,RBu20
13,RFi10
15,RHy10
16,RoE10
9,RS1
13,RS2
13,RS3
26,RS3
12,RS8
13,RS9
1,RS11
10,RS14
10,RS15
16,RS20
9,RS26
16,RS26
1,RS28
18,RS30
17,RS32
10,RS32
4,SRa5
16,SRa5
7,TCh1
7,TCh2
9,TMy10
8,WaG10
3,WBe1
20,WBe10
12,WBe10
7,WBe15
13,Z7820
7,Z7840
3,AAl6
3,AAl10
7,AAl20
4,AAr10
13,AAr20
7,ABr1
1,ABr3
7,ABr4
7,ABr7
7,ABr9
26,AlC10
1,AlC20
16,AlC20
7,BBi10
35,CiS10
10,CiS40
20,DLD10
15,EWS4
1,EWS10
2,FWa10
1,GiA10
1,GiA20
7,GiA30
1,GiA32
3,GiA35
2,HBe10
2,HBe15
2,HBe18
20,HBe20
9,ICt10
3,Ird10
7,Ird10
7,Ird12
1,Ird14
2,Ird16
7,MBr10
7,MBr14
7,MBr19
1,MBr25
1,MCh5
1,MM10
12,MM20
15,MM25
2,MM25
1,MM30
72,MM33
2,MM33
8,MM37
1,MM37
2,MM41
26,MM41
9,MLt5
1,MLt10
15,MLt15
13,MLt20
13,MLt22
9,MRb10
12,MRb15
1,MxS10
12,NiM5
13,NiM12
9,NiM20
13,NiM30
13,NiM30
7,SDr1
3,SDr1
7,SDr10
1,SyS1
1,SyS2
1,Sys3
12,TrJ10
7,TrJ12
7,TrJ14
12,TrJ15
16,TrJ20
13,YoK1
1,WRi10
7,WRi20
26,ALi10
7,ALi15
16,CBd20
4,CBd30
1,ClP10
3,ClP10
1,DdP10
15,DeH10
2,DDo20
7,DDo20
2,EBi10
10,ErK20
10,ErK30
35,FOR10
35,FOR12
35,FOR12
35,FOR20
13,FOR30
35,FOR30
1,FRa10
15,GBo5
7,GBo15
13,GCl10
15,GCl10
4,GCl20
91,GMu1
18,GMu2
1,GMu9
11,GMu15
13,GMu17
2,GMx5
13,GNs10
7,GNs15
1,GTr12
7,HaR1
7,HaR10
7,HaR14
7,HaR18
13,HaR25
7,HaR25
7,HaR28
15,IBd10
16,IBy10
1,IBy15
10,IMz10
10,IIr10
16,IIr17
10,IIr21
3,IIr30
3,IIr32
9,IQd10
8,IrW10
13,ISy8
8,ISy15
1,ISy20
1,ISy22
9,JfW5
92,JGl10
10,JGl15
10,JGl20
7,JiA1
28,JiA1
7,JiA5
7,JiA7
7,JiA9
7,JiA10
10,JiA15
7,JiA15
10,JiA18
7,JiA18
1,JoO10
13,JoS1
10,JoS5
1,JoS12
1,JoS13
10,JoS15
10,JoS16
12,JoS18
12,JoS20
2,JoS27
9,JrF10
1,JsC10
13,JTM10
35,JTM20
4,JuT5
35,KW10
15,KW10
12,LuP30
13,MHo10
1,MtD10
13,MBm1
2,MBm3
3,MBm3
11,MDa5
26,MNe12
3,MNe18
3,MNe20
3,MNe22
3,MNe25
1,MNe29
8,NRo10
8,NRo12
35,PAl1
7,PAl4
7,PAl4
7,PAl8
1,PAl8
7,PAl10
7,PAl12
7,PAl14
7,PAl16
7,PAl18
3,Pal20
1,Pal20
1,PAl21
7,PHa10
1,PHa15
16,PHa25
8,PHa25
15,PLy10
2,PLy15
7,RFM10
4,RFM12
17,RFM20
12,RGr10
4,RGr10
8,RGr30
7,RKa10
15,RLi6
1,RLi10
3,RLi20
13,RLi25
10,RoH10
10,RoH30
13,RoW10
1,RR1
1,RR2
1,RR3
1,RR4
3,RR5
11,RR5
7,RSr10
15,RSp8
1,RSp10
7,RSp13
7,RSp16
7,RSp17
17,RSp20
9,RSp24
10,RSp24
14,SBe10
8,SfP6
4,SfP6
1,SKw20
15,SSC1
3,SvP10
1,TaH2
1,TaH5
10,TaH6
4,TaH8
8,TaH15
4,TaH15
8,TaH30
49,TaH32
1,TBl21
16,TCl10
1,TCl10
7,TgD1
1,THu10
1,THu13
8,THu20
1,THu20
1,THu25
3,THu30
11,THu30
2,VeZ10
1,VlM10
1,VLo50
8,VLo50
1,WaB10
8,WMi19
8,WMi22
8,WMi25
1,YMZ10
1,YMZ20
1,YMZ22
7,YMZ24
1,YMZ26
35,Z2810
13,Z2810
10,AbF10
15,AbF12
15,AbF14
10,AbF20
20,AbF25
15,AbF27
13,AbF27
7,AnB5
10,AnB10
7,AnB10
7,AnB20
7,AnB26
35,AnB26
7,BoL10
35,BoL10
2,BSe10
2,BSe20
13,BDC8
7,BiP10
7,CaG1
1,CBe10
16,CBe10
1,CGi10
12,DDa10
3,DSh10
3,DSt10
85,DuM5
7,DuM10
1,DuM20
2,ErD10
1,ETi10
1,Eti20
15,FHe10
15,FHe30
15,FHe31
15,FLg10
1,FRo10
8,FRo20
17,Fro28
20,FrV10
20,FrV20
15,GrB4
13,GrB10
93,GrB10
15,HAv10
9,IG1
9,IG2
9,IG3
9,IG4
9,IG5
9,IG6
2,JCL10
10,JCL10
9,JCp15
3,JJB1
2,JJB1
1,JJB10
35,JJB15
7,KeS10
1,MBg10
8,MLe10
4,MLe10
7,MMo10
10,MnB10
16,MnB22
3,MSr10
15,MyR10
15,OlS3
10,OlS15
16,OlS17
16,OlS18
3,OlS20
10,OlS22
16,OlS23
1,OlS25
10,OlS27
7,OzS10
16,PAd1
3,PAd13
7,PAd14
1,PAd17
16,PCx18
1,PCx25
9,PCx28
3,PCx28
3,PCx29
1,QMa10
35,QMa12
35,QMa14
2,RFr10
15,RFr15
9,RFr19
9,RFr25
9,RFr30
15,RiR10
8,RLT10
94,RLT15
2,RMq5
13,RMq8
5,RMq10
8,RoM1
8,RoM2
8,RoM3
7,RZe1
9,RZe3
13,RZe5
14,RZe10
13,RZe12
13,RZe14
11,RZe14
7,RZe17
15,RZe17
7,RZe19
13,RZe20
15,RZe25
7,SGo10
1,SyH10
7,SHS5
2,SHS10
15,Smi3
15,Smi5
16,SMi10
12,SMi14
15,SMi21
3,SMi21
35,StG10
89,SuG10
15,SuG20
13,SuG25
15,TDS10
1,TDS15
9,TKa10
95,WlF10
10,WoP10
15,WoP12
20,WoP17
2,WoP17
2,WoP18
2,WoP20
2,WoP22
1,WoP24
1,WoP25
8,WoP25
16,xGc10
7,AmH10
7,AmH13
1,AOz10
12,APy10
1,APy15
2,ARo10
3,BiF10
7,BiF13
1,BiF20
1,BLe1
7,BLe5
7,BLe5
1,BLe6
7,BLe8
3,BLe10
7,BLe10
3,BLe11
7,BLe11
7,BLe12
7,BLe15
7,BLe17
1,Ble19
16,Ble19
7,BLe21
13,BLe22
1,BLe23
7,BrP10
7,BrP15
11,BSz10
9,CDe10
7,CHa10
2,CHa14
2,CHa18
2,CHa20
9,CHa25
1,CHa27
16,CMu10
15,DaD10
2,DSc10
7,DSW15
7,DSW18
10,GAS10
1,GrC1
2,GrC12
7,GyM4
7,GyM10
7,GyM20
3,GyM22
2,GyM24
3,GyM26
35,GyM26
7,GyM30
7,GyM33
7,GyM35
4,HJS10
9,HuH15
1,HuH20
35,HPa10
10,IaS10
3,IDu16
3,IDu21
3,IDu22
15,IDu22
3,IDu24
7,IDu24
15,JBs10
10,JCh5
7,JCh10
10,JCh10
7,JCh13
10,JCh13
7,JCh15
10,JCh15
7,JCh20
10,JCh20
20,JFD10
7,JFD10
16,JHs10
1,JPK10
2,JPK15
1,JMl1
15,JSo10
15,JSo15
2,KaK10
2,KaK10
7,KFi10
28,KFi10
8,KrK5
26,KrK20
3,KrK30
3,KrK35
26,KrK38
26,KrK39
26,KrK40
2,LaK1
7,LaK2
7,LaK9
7,LaK13
26,LaK14
26,LaK15
11,LaK18
3,LaK16
9,LaK16
7,LaK23
1,MCa10
3,MGA14
96,MRm20
1,NeJ10
12,NeJ12
1,NeJ14
7,NeJ15
7,NeJ16
1,NeJ20
2,NeJ22
1,NeJ29
3,NeJ29
4,PaB10
15,PWa10
7,RiB1
3,RiB15
7,RiB21
3,RiB21
7,RiB25
25,RiB26
7,RiB28
1,RiB30
1,RLo10
1,RLo24
7,RJR10
1,RT1
5,RT20
16,RT30
1,RtW10
1,RzB10
13,StL10
7,SuS12
3,SuS16
13,SuS16
7,SuS20
2,SuS20
3,SuS25
7,TAv1
8,UEd10
1,UEd20
1,UEd25
5,WaW1
3,WaW2
1,WaW3
1,WaW4
1,WaW5
1,WaW10
7,WaW13
7,WaW14
3,WaW15
1,WaW16
3,WaW20
15,WLu15
12,xHe10
8,YlG10
1,Z8210
4,AdL5
35,AdL6
3,AdL6
3,AdL10
1,AdL14
1,AdL16
1,AdL20
1,AdL25
8,AHu1
3,AJo10
7,AKa5
7,AKa10
26,AKa15
7,AKa15
1,AKa20
7,AlJ1
14,BMs10
8,BnG1
2,BnG13
1,BSt1
1,BSt5
1,BSt10
3,BSt15
1,ByB10
1,CoF10
4,CoF10
16,CoF10
3,DCb10
35,DdH10
7,DLo10
9,DLo13
10,DLo19
1,DWi10
1,EdE10
7,EHo10
7,FOz20
1,FOz20
7,FOz22
1,FOz25
72,FOz29
2,FOz29
10,GCh10
11,GCh20
10,GCh23
3,GJo10
12,GoR1
1,IoA10
1,JJm4
7,JJm6
11,JJm9
20,JJm13
7,JJm13
9,JKw5
7,JKw10
3,JLB1
7,JLB7
7,JLB12
25,JLB14
7,JsS10
12,LCo10
10,LDF10
3,MaC1
3,MaC4
3,MaC8
3,MaC10
7,MaC11
7,MaC12
16,MaC15
8,MKy10
17,MKy10
17,MKy15
8,MWh10
97,MWh10
16,PB10
9,PB12
2,PGr5
22,PGr10
26,PGr12
7,PGr12
35,PGr15
1,PGr16
12,PGr16
1,PGr17
35,PGr20
98,PGr22
16,PLf10
1,PLf10
1,PRb1
1,PrH10
1,PrH11
1,PrH12
4,RbR1
3,RbR2
3,RbR3
3,RbR10
7,RbR10
3,RbR12
1,RbR14
17,RbR18
7,RbR22
11,RDu12
1,RDu15
8,RiC10
1,RMw3
1,RMw10
10,RMw13
8,RMw15
9,RoD10
8,RPe8
1,RPe8
1,RPe20
1,RPe22
1,RWs10
7,PBm1
35,PBm1
3,PBm2
10,SFi10
35,SiN10
1,SlT10
7,SlT10
4,SvF10
10,TeB10
15,ToS1
10,ToS5
10,ToS10
7,ToS12
10,ToS15
9,ToS21
2,ToS23
2,ToS25
2,ToS29
16,VZg10
10,WiD10
13,WiD10
12,WiD20
1,WTMx
7,ACx10
99,ACx12
1,AEy2
1,AEy12
1,AEy14
1,AEy16
1,AEy18
1,AiN10
15,AKu10
1,AvW10
1,AvW12
3,ChS10
7,ChS10
3,ChS13
7,ChS13
3,ChS13
7,ChS20
7,ChS24
2,ChS24
7,DWa10
1,EPy5
1,EPy10
15,FKi10
10,FKi18
20,GnP10
7,HuW10
7,HuW12
7,HuW15
7,HuW22
7,HuW25
7,IHu1
7,IHu11
13,IHu12
3,IHu12
7,IHu15
7,IHu18
7,IHu22
3,IHu25
1,JCi3
1,JCi5
1,JCi10
16,JCi12
1,JCi14
3,JCi17
10,JlC4
10,JlC7
10,JlC10
1,JlC11
1,JlC14
1,JlC16
7,JI1
7,JI2
7,JI4
2,JmF25
15,JmF25
2,JRu1
2,JRu2
2,JRu3
3,JRu5
2,JRu5
2,JRu12
2,JRu14
4,JSe0
15,JZi10
13,LeN3
13,LeN4
7,LeN8
4,LPi10
1,LPi20
100,LPi20
15,MBu10
35,MGr10
35,MGr15
1,MiR5
16,MiR10
3,MiR21
10,MiR21
1,MKa10
1,MKa15
8,MtB10
8,MtB16
101,NBu10
13,NiC10
7,NiC30
7,NIs10
2,PeC10
7,PeM10
1,PeM15
15,PeM20
4,Pri1
4,Pri2
16,RCn30
14,RCn36
12,RCn36
10,RCn39
28,RCn39
8,REp10
8,REp18
1,RhM10
15,RhM10
1,RhM30
2,RhM34
9,RhM37
1,RoJ1
8,RoJ1
16,RoJ10
7,RoJ20
26,RoJ20
2,RTu1
20,RTu3
8,PiS10
1,TMk10
16,ToP10
7,Z0910
13,Z0910
9,AKo10
9,AKo15
18,AKo15
66,Amp6
1,Ari10
3,CCw2
7,CCw2
3,CCw5
1,CCw8
3,CCw10
8,CLz1
10,CST10
10,CST20
3,DDe10
14,GaT3
14,GaT7
14,GaT10
14,GaT11
14,GaT18
8,GoJ20
102,HSB18
14,Ilt1
14,ILt5
14,ILt10
14,ILt15
14,ILt17
14,ILt18
17,IsS5
1,IsS10
1,IsS11
18,IsS15
1,ITu10
35,JqS10
8,JVm4
1,JVm4
8,JVm7
1,JVm7
8,JVm10
1,JVm10
8,JVm17
1,JVm17
10,KBg6
15,KBg8
2,KBg10
1,KBw10
14,KGC10
1,KZs18
1,LCa10
1,LCa14
35,LCa22
1,LiY20
8,LPt10
7,MBl5
3,MBl5
1,MDi10
1,MaG10
3,MaG10
1,MiP10
35,MoT1
35,MoT10
35,MoT12
1,MTo10
7,MzN4
7,MzN10
7,MzN15
14,MzN15
9,OSo10
10,SSh10
7,THo10
3,THo20
7,TiB1
2,TiB2
7,TiB5
12,TiB6
15,TiB8
12,TiB12
16,TiB14
7,TiB17
13,TiB17
15,TiB20
10,WTa10
10,WTa20
20,WTa20
35,ZlK10
35,ZlK20
1,ABu10
16,ACv10
15,APe10
16,AvS10
1,bQs10
1,bQs14
1,bQs20
1,bQs23
1,bQs25
1,bQs30
15,BrG10
16,BrG20
16,BrG25
2,BrG28
8,BWb10
14,DBl10
14,DBl12
14,DBl13
14,DBl15
14,DBl16
14,DBl20
14,DBl24
3,DBl24
7,FdP10
15,FdP10
12,GaM10
7,HoD10
7,HoD20
7,HoD24
7,JoR10
7,JoR15
20,MdV5
3,MdV10
3,MdV14
26,MrD1
26,MrD2
7,PFa10
16,PLu10
13,RHv5
13,RHv7
13,RHv9
13,RHv10
2,RMa10
10,RMa10
3,PtM10
8,RnF10
18,RnF10
8,RnF14
18,RnF14
7,SLJ1
7,SLJ3
7,SLJ4
1,SLJ5
7,SLJ5
16,SLJ7
3,SLJ8
1,SLJ11
1,SLJ12
8,SLJ14
15,SpK10
35,STo10
10,TsH10
1,Z8610
7,Z8630
7,ACl10
1,AlP10
8,AlP15
3,ARb1
15,ATu1
7,CCo2
7,CCo3
3,CCo4
7,CCo5
7,CCo6
7,CCo10
1,CCo11
12,CCo14
3,CGy10
7,CP2
26,CP3
12,CP3
1,CVr10
3,DMa10
5,DMa12
2,DMa13
25,DMa15
12,DMa20
2,DMa20
1,DMa21
7,EAr10
4,EAr12
3,ElB10
1,EtC20
1,EtC25
35,JWy10
15,JWy10
35,JWy15
15,JWy15
14,KYo1
16,LHa1
3,LHa5
7,LHa5
1,LHa10
1,LHa16
3,LHa17
7,LHa17
16,LPs10
8,LVa10
4,LVa10
1,LVa12
15,MGn10
1,MkR10
16,MkR10
18,MRz10
4,MRz10
8,MWl10
12,NCo10
12,NCo11
3,NMv1
1,NMv8
1,NMv10
1,NoM10
15,PMG10
1,PPm10
1,PPm15
12,PRz10
3,PRz15
1,PRz22
8,RtS10
7,RtT10
1,SiG10
1,VNu15
15,VSa10
80,VSa18
1,ABi20
10,ADv10
10,ADv12
10,ADv14
10,ADv15
2,ADv17
10,ADv17
2,ADv22
1,AgH1
1,AgH5
1,AgH10
1,AgH13
1,AgH15
1,AgH19
35,AHo1
10,AnK10
9,BiA1
1,BiA3
16,BiA5
1,BiA7
1,BiA8
1,BiA9
1,BiA10
7,BmF10
2,BSi3
14,BSi10
1,BSi13
35,BZi10
2,CBu6
2,CBu8
2,CBu10
35,CBx10
1,CCr10
2,CCr12
35,CCr12
1,CEd10
1,CEd20
1,ClD1
26,ClD10
9,DGr1
16,DH5
7,DdV2
1,DdV4
3,EAy10
3,GAx1
26,GrA10
57,GKo10
7,GuM1
15,GuM1
7,GuM2
15,GuM2
2,GuM3
12,GuM5
7,GuM5
7,GvR10
103,GvS4
3,GvS8
11,GvS8
1,GvS11
1,HBo10
7,HDu10
1,HeW1
20,HeW5
10,IBC10
35,IGs10
4,IGs20
7,IGs20
35,IlM5
35,IlM10
10,IMT10
10,IMT15
10,IMT20
10,IMT22
1,IMT24
2,IMT29
3,JHH10
1,JrB10
14,KOt10
35,KSR20
35,KSR30
1,KSR35
1,LvT10
3,LvT20
35,LvT20
104,LvT21
1,LvT25
2,MFi10
3,MFi15
2,MFi15
3,MFi18
1,MFi20
7,MGw1
11,MGw2
11,MGw5
16,POC20
1,POC25
3,POC29
7,PTh10
2,RkM10
10,RkM16
10,RNo10
10,RNo20
3,RSh5
16,RSh10
7,RSh15
16,RSh18
3,RSh20
7,RSh20
26,SLo2
1,SSR10
1,SSR12
11,SSR15
7,TAF10
26,TAF10
7,ThS4
16,ThS5
13,ViW1
9,ViW10
105,ViW15
4,yAn10
25,xSz10
7,YoT10
10,Z1811
10,Z1812
10,Z1813
35,Z4810
35,Z4815
3,Z54105
16,Z0310
16,Z0320
35,Z8820
7,AMc10
3,AMc10
26,AMc15
7,AMc15
14,ARv10
7,GFi1
7,Gfi2
16,BNu1
7,BoB1
3,BoB4
2,BRo7
2,BRo10
1,CaB1
35,CaB6
7,ChG2
12,ChG10
7,ChG15
7,ChG18
20,ClZ10
7,ClZ19
15,DHL1
15,DHL6
9,DHL10
8,DOR5
8,DOR8
8,DOR10
15,MSo10
1,DvJ1
1,DvJ2
1,DvJ4
1,DvJ6
1,EKu10
1,EMu1
16,EZw1
9,EZw1
1,EZw4
18,EZw5
10,EZw5
1,EZw7
10,Ezw9
1,FAm10
7,FAm16
2,FAm16
4,GCo1
1,GDG1
15,PGg1
15,PGg9
2,PGg11
1,GTo1
12,GTo2
1,HCa10
8,HCa10
16,IsJ10
1,IsJ12
1,ITo10
7,JHd10
13,JJo1
7,JJo1
9,JJo2
13,JJo2
12,JJo5
16,JJo10
1,JJo10
12,JMd10
16,JSh1
1,JSh2
16,JSh2
1,JSh4
16,JSh4
1,JSh8
1,KBr1
7,KBr3
16,KBr10
7,KBr12
7,KBr14
1,KBr16
1,KBr17
1,KBr18
1,KBr20
1,LPu1
3,MNa13
9,MCJ10
3,MCJ12
16,MCJ14
3,MCJ16
10,MCJ18
7,Mgy5
1,MiB10
8,MiB10
15,MLa10
1,MLa15
15,MLa19
7,MLm1
7,MLm5
1,MTU10
12,PAR10
2,PAR14
7,PAR14
2,PhN10
2,PhN14
2,PhN17
20,PhN20
2,PhN22
3,PPz10
1,PTi10
2,PTV10
1,RaH7
1,RaH10
1,RaH15
16,RaM10
7,RBi10
26,RBi10
7,RJe1
7,RRa10
1,RRa10
15,ShT10
4,SKo1
1,SKo2
1,Sko5
3,Sko5
35,StS1
16,StS2
16,StS5
10,StS10
10,StS13
13,StS14
15,TBi10
7,THy6
106,TSz5
7,TSz10
26,TSz10
10,WHB10
13,WSh1
13,Z8910
7,Z8910
3,AAt10
2,ACu15
107,ACu20
1,ACu23
8,AGo10
7,AmN1
10,AMo13
3,AMo13
5,AMz1
7,AMz5
16,APk10
3,APl10
8,ARt1
1,ASS10
14,BBz10
1,BJq5
7,ChM20
16,CWm10
8,DbC10
1,DlB3
7,EmE10
10,FFf10
16,FFf10
15,FrM1
9,FrM6
1,FrM10
13,FrM10
35,GaO10
10,GeA10
2,GeA30
2,GSl10
2,GSl12
26,HlH1
26,HlH2
20,HlH3
1,HlH9
1,HoF10
15,HPe10
2,IDa10
2,IDa14
26,IDa14
2,IDa17
1,IDa19
8,IEl10
15,IHs10
3,IlE10
16,IMN10
10,IMN10
1,IMN12
7,IMN15
11,IMR10
10,IsF10
35,JdA10
1,JDo10
8,JFC10
13,JGb10
35,JMe1
8,JMe1
7,JLz2
12,JLz2
35,JLz2
7,JnL10
7,JnL12
7,JnL13
7,JnL15
7,JnL18
14,JnN9
12,JnN10
7,JoA10
3,JoA13
1,JoA13
2,JoA15
20,JoA19
7,JWB10
3,JZu10
11,JZu15
1,LuD4
3,MnK20
13,KaA9
2,KaA10
1,KeC1
13,KeC5
13,KeC7
12,Khi20
7,KvR10
1,KvR10
20,LiH10
35,LiH10
3,LuM10
3,LuM13
3,LuM16
3,LuM21
3,LuM25
10,LyD10
12,MiJ5
10,MiJ10
7,MiJ12
28,MiJ15
8,MMr10
1,MPe5
1,MPe10
7,MSm10
7,MSm17
7,MSp10
16,MVh10
1,MYa20
1,NGp10
1,NRe6
3,NRe10
8,PCo10
1,OlA10
22,OlA14
3,OlA15
1,OlA16
16,OlA16
7,PnM8
16,PnM10
3,PnM11
1,PnM12
7,PnM14
10,PhJ10
2,PhJ13
2,PhS10
2,PLe10
3,PLe12
3,PLe15
7,PLe16
3,PLe17
1,PLe21
16,PRP10
3,PuA10
1,PvL5
17,PvL5
10,ReH10
9,ReH16
1,RGu10
1,RGu15
10,RHr8
10,RHr12
7,RnH10
7,RnH13
12,RPr10
15,RSS10
16,RtG10
16,RtG12
35,RWe10
12,SBa10
13,SBa15
7,SBa15
12,SBa20
12,SBa22
1,SCz10
10,SnT20
10,SnT26
7,SnT28
10,SnT28
7,SOe10
7,SOe12
7,SOe15
15,TSa1
1,TSt1
22,PMC10
1,WhS1
7,WhS1
7,WhS3
3,WhS5
1,XaK10
2,YaY10
3,YaY10
15,Z9020
7,Z9030
7,Z9060
14,Z9070
1,ADz10
1,ADz15
4,AGl10
2,AGl12
8,AKe1
4,AKe1
7,AKe5
7,AMi10
12,AMi10
3,AMi12
7,AMi12
3,AMi15
1,AMi15
7,AMi19
35,ASi10
1,BDu2
3,BDu3
7,BDu4
20,BDu10
8,BMo10
3,BrR1
1,BrR5
3,BrR5
7,BS1
15,BS1
3,BS4
7,BS5
15,BS5
7,BS6
3,BS6
7,BS8
10,BS8
20,BS10
7,BS10
10,BS15
7,BS15
2,ByS10
2,ByS15
14,ByS17
13,ByS17
1,CMe10
1,DHr10
1,DHr12
13,DKl10
7,DMH10
1,DMH15
4,DMk10
8,DMk10
8,DSu20
1,DSu20
7,DZu12
10,DZu12
1,ECh10
10,EDi10
10,EDi12
15,EDi14
8,EdY18
1,EdY18
1,FDF10
15,FrG10
13,FrH10
10,FWs10
8,FxB10
7,HrH1
26,HrH1
14,HyS10
1,IBl10
2,IBl15
4,IiS5
4,IiS10
1,IiS15
3,IiS17
8,IrS10
1,ISn1
1,ISn3
1,IWk1
20,IWk3
1,IWk3
2,IWk5
1,IWk10
6,JaR10
3,JAv10
3,JAv15
7,JAv18
1,JBm10
15,JDr10
7,JeR10
8,JLi10
1,JoF1
1,JoF5
7,JoF5
3,JLp1
3,JoB10
19,JoB10
108,JSv10
3,JSv15
8,JVa10
1,JVD5
1,JVD10
7,JyR2
20,JyR2
7,JyR4
20,JyR4
1,KeR10
7,KeH10
10,KuA10
3,LrA10
1,LFZ1
1,LSP10
3,MAD10
7,MiH10
12,MiH18
10,MKb10
15,MKi10
8,MoA10
1,MRP10
11,MRP14
1,MtR1
1,MtR5
14,MtR10
2,NBr10
8,NBr17
14,NiP5
14,NiP10
14,NiP17
1,NyA10
12,OKa10
35,PGl10
7,PHw8
12,PHw10
7,PHw10
7,PRs10
1,PSp10
7,PSp12
7,PSp14
1,RdD10
15,RlE5
10,RlE10
13,RlE20
13,RlE22
1,RlE24
17,RlE24
1,RLl10
1,RLl13
3,RLl15
3,RLl21
7,RUn10
1,SCa10
10,SHp5
10,SHp10
1,SHp13
10,SLe10
10,SLe12
7,SpJ13
8,StN10
1,SyC5
1,SyC10
7,THg25
14,THg33
16,TLW1
1,TLW1
1,TLW5
3,TuB10
1,VNf10
8,WHj1
1,WHj1
2,Z9110
1,Z9120
1,AAn10
1,AAn12
7,AAN14
1,AbH1
7,ADg10
10,ADg10
3,AfA10
8,ANe10
16,AnW10
1,AWk10
35,AWk10
4,BaL1
3,BaL4
4,BaL9
3,BaL9
7,BCr10
1,BeR10
3,BeR12
16,BeR12
3,BKi10
3,BKi12
1,BKi19
7,BLv10
7,BLv12
7,BLv15
7,BLw10
15,BrL10
2,BrL15
14,BSm10
7,ByP10
20,CaF10
53,CrB10
15,CRd10
3,CsS10
12,CsS15
1,CVi10
1,CVi16
1,CyS1
3,DeR10
13,DFi10
2,DFi17
10,DFi17
1,DJR15
7,DPa10
15,DPr10
15,DPr12
1,DvR10
35,FLr10
13,FLr10
7,FRK10
15,FRK10
10,GeE10
7,GeQ10
1,GGh10
8,GGh10
10,GgW10
1,GMK10
1,GMK17
16,GMK17
1,GSi10
7,GSr10
16,HaK20
1,HCn10
7,HDl10
8,HSa10
8,HwF10
1,HWY10
13,IEy10
109,IKe5
35,ILs10
14,IMu10
14,IMu20
107,IMu20
9,IMu22
35,JAx10
20,JbB10
3,JeC10
2,JeC14
7,JGd2
1,JGd2
17,JGd10
7,JoM10
1,JoM10
1,JoM15
7,JOx10
12,JOx10
16,JOx10
1,KeG10
4,KOr1
7,KOr2
10,KSt10
110,KWW8
10,KWW14
2,LBx4
7,LBx5
1,LBx6
8,LuC10
15,MkP1
15,MkG10
65,MkG12
1,MLs10
3,MNv10
1,MSw10
111,MwB10
35,NcC10
16,NJi10
3,NlM10
3,NoE1
3,NoE3
3,NoE5
25,NoE8
4,PCh10
1,PCh15
1,PmR1
20,QTa1
10,QTa3
7,QTa3
1,QTa6
10,RBx10
8,RiS10
1,RiS10
4,RMg5
8,RMg5
20,RMc10
4,RMg10
8,RMg10
4,RMg15
8,RMg15
4,RMg17
8,RMg17
7,RrB10
7,RrB16
1,RrB18
20,RRz1
10,RRz3
20,RRz3
20,RRz5
15,RRz6
15,RTa5
15,RTa10
13,RTa10
9,RTa15
1,SGy5
1,SGy10
1,SGy12
101,SHD10
7,SoW1
1,SvA10
4,THk14
3,THk14
7,THk14
7,TDe10
1,TDe10
7,TDe14
20,TDe18
7,TDe19
20,ToK1
16,ToK1
1,TRb10
16,TRb16
1,
3,VAr10
7,VCy10
1,VyK10
1,VyK13
1,VyK15
15,xNa10
7,VGl10
1,Z9220
9,Z9220
1,Z9230
35,Z9230
12,Z9240
8,Z9250
1,Z9250
7,Ady3
1,Ady3
3,ARw12
7,ABo10
8,AGs10
1,AnL5
7,AnL10
1,AnL12
3,AnL13
112,AnL15
1,AoS10
1,ASh10
1,AuG10
14,BeM10
1,BJR10
3,BLu10
7,BLu12
10,CaS10
1,CCa10
3,CCa13
3,CDv10
1,ChK10
3,ChK10
1,ChK13
7,CNu10
20,DAf10
8,DAP10
8,DGl10
7,DME10
7,DME13
15,DmS1
113,DRz10
14,DZo10
1,EMF10
2,GGM10
8,GGM10
1,GnA10
1,GnA13
16,GoM10
1,GyS10
14,IHo10
7,ILf10
1,IMd10
1,IMd12
17,IMd16
16,IMd17
3,IMd17
4,IMd17
1,INS10
2,JHp10
7,JTu10
1,JTu14
8,JuM10
1,KTI10
3,LeB10
10,LLl10
15,JLy10
35,JLy10
17,KHt1
1,KHt1
1,LlH10
10,MBb10
2,MBb15
3,MBi10
8,MWid15
1,MWid16
9,MkS10
1,MlG1
9,MlG5
8,MLz10
8,MRg10
3,MSb10
7,MSb10
1,MoF1
1,MoF6
7,MtM10
20,NkM10
7,OIo10
8,OvH10
8,OYa10
7,PeJ10
15,PeJ10
12,PeJ20
3,PhG10
1,PhH10
25,PhH13
101,PYu10
10,RbH8
10,RbH10
3,RbH10
8,RcW10
1,RcW16
16,RcW16
1,RdN10
2,RHk10
20,RkK10
7,RkK15
4,RLn10
15,RmF8
15,RmF10
16,RyM10
13,RSv10
1,RWg10
3,RWg10
1,RWg12
1,RWg13
1,RWg14
1,RWg16
9,SHk10
7,SHk15
91,SiW8
11,SiW10
9,SiW12
9,SiW13
9,SiW14
3,SPt10
35,SPt10
9,SSo10
9,SSo13
15,SSo15
9,SSo16
7,SSu5
7,SSu10
16,StZ1
8,StZ5
1,StZ5
7,SvB04
7,SvB05
7,SvB10
7,SvB12
7,SvB22
7,TCn10
2,TCr10
4,TDa10
7,TDa11
3,TLo10
7,TNa10
35,TNa10
1,TrH10
8,TTN10
7,WhR10
10,WhR10
16,xBa10
7,YuB10
3,YuB14
20,Z9320
1,Z9340
7,Z9350
1,Z9360
13,AAS10
7,AFl10
1,AkS10
15,APr10
26,APr12
8,ArD10
9,ARk10
26,ARk12
7,ASm10
7,BnS10
2,BnS15
8,CFd10
7,CRu10
10,CTK10
9,CTK12
16,CyC10
7,DAl10
8,DDW10
3,DLi10
66,Dli16
1,DLu10
16,DnB10
3,DpM10
3,DpM13
1,DRu10
3,DRu10
7,DRu15
8,DvC10
1,FDa10
114,FDa15
16,FGd10
3,FTr10
7,FTr14
12,GdT10
15,GdT14
13,GdT14
3,GGC10
115,GGC14
3,GuC10
7,HtB10
1,HLv10
7,ILd10
16,IsM14
1,IsM14
1,ISz10
2,JCe10
10,JDB10
2,JDB10
9,JDB11
2,JDB12
7,JLv10
7,JSy10
14,JzG10
9,KOl10
17,LMg10
18,MdH10
3,MdJ10
115,MDn10
3,KDr10
3,KDr15
1,MDw10
3,MkT10
10,MtC10
10,MtC12
9,MtC15
17,NHy10
25,NHy15
4,NHy17
1,NHy17
2,NKz10
1,NnM10
8,PaW10
1,PaW14
7,PaF10
8,PDp10
7,PFr10
7,PFr12
25,PFr15
3,PFr17
7,PFr17
7,PJH10
3,PJH14
4,PJH14
7,PRJ10
7,PSe10
7,PlW10
1,RAA10
14,RgA10
14,RgA11
35,RgC10
35,RgC15
7,RGl10
1,RGl10
7,RlM10
7,RMn10
14,RMn10
1,RnC10
8,RtL10
116,RTo10
3,RTr10
4,RuC10
25,RuC13
16,SgT10
8,SgT10
10,SSl1
3,TBr10
1,TZz10
8,YSt10
4,YSt10
8,YSt12
4,YSt12
1,Z9410
10,AdI15
35,AdI15
3,AJa1
12,AMr10
17,AMr15
19,AMt15
2,AWw3
35,AWw3
13,AWw10
16,BGt10
19,BGt13
7,BTh10
7,BTh13
1,BTh15
7,ChN10
2,DBo6
7,DBo6
117,DBo10
7,DBo12
2,DBo12
3,DBo15
2,DBo15
13,DCn10
10,DCn10
15,DCn12
1,DSa10
7,DvF10
3,EBu8
3,FWh5
3,GSn6
7,GSn10
8,HKa10
12,HKa10
8,HKa12
1,HHH10
7,JBa10
35,JBa10
3,JLa10
7,JLa10
7,JPy10
14,JPy10
14,JPy12
10,JrR10
3,JrR10
1,KDo10
7,KSm1
7,KSm5
10,MBy2
28,MBy5
28,MBy8
3,MBy8
1,MGo5
3,MGo10
1,MMa10
7,MTh10
17,NFi10
1,OPa1
1,Opa2
3,Opa2
7,Opa2
1,SeG10
7,SWm6
7,SWm10
8,TdC10
1,TdC10
13,TOw10
1,UPr1
1,Upr2
15,WMa1
15,WMa2
15,WMa3
14,xQu10
26,xQu15
1,YvA13
1,Z9510
16,Z9530
10,Z9577
1,Z9585
3,Z9585
20,Z9590
1,AbK15
15,AGm10
3,AKr10
7,ASf8
7,ASf10
15,AyW11
7,BdA2
16,BnR10
2,CHp10
20,CTH10
16,DDg10
7,DDg13
3,DIl10
3,DLZ10
7,DPs10
3,DPs10
13,DPs13
7,DPs13
9,DRE10
13,DTw10
2,DTw10
25,ESc10
1,EWi10
1,FSl10
15,GAe10
1,GHb10
3,HMD1
10,IGy10
1,IRu10
3,JMn1
20,JMn2
16,JMn5
1,JMn5
13,JtF1
13,JtF3
16,JuS10
3,JWg10
1,JZa10
3,KKw10
7,KKw10
15,KvY10
1,LLG10
3,Lob9
3,LOb10
3,LOb13
13,LOb15
8,LWo10
118,MeC10
3,MkJ11
7,MkJ11
16,MRa10
3,PDe10
1,RaR12
16,RaR13
3,RHg10
9,SBd10
88,SBd10
1,SBu10
16,ScH10
4,ScH10
1,ScH13
2,STi10
2,TMe10
3,TSu10
7,TSu10
8,VKo13
7,WeA10
7,xSt10
13,xSt10
21,Z9605
49,Z9610
1,Z9620
16,Z9620
3,Z9630
10,Z9640
14,Z9640
7,Z9645
7,Z9650
9,Z9655
10,Z9667
3,Z9676
7,Z9676
7,Z9685
7,Z9688
7,Z9689
7,Z9691
3,Z9693
10,Z9695
1,Z9696
1,ABe10
13,ANi10
1,ARm10
3,ATn10
7,ATn10
3,ATn11
1,ATn12
1,AxP10
1,BFr10
3,BHu10
7,BHu10
1,BPr10
7,BRa10
10,BRa12
7,BSp10
4,BSp12
7,BtS10
3,BtS10
26,CKl4
14,CSm10
8,DRa10
7,DRa10
4,DRa10
70,DWl10
7,FcA10
3,GfD10
7,GfD10
3,GfD11
2,GFl10
1,GOl1
16,GOl1
3,GrM1
16,GrN10
7,GVe10
119,HyK10
12,INi10
1,IPK10
7,IPq10
14,IPq15
35,JcC10
1,JDy10
9,JeS10
7,JfPd10
15,JiG10
7,JKf10
26,JKf10
2,JMw10
3,JNo10
34,JSj10
15,KHe10
1,KLe1
3,KSa10
7,KSa10
20,KSp1
7,LMf10
1,LTa10
10,LTa10
7,MHa10
1,MHe10
1,MHe15
10,MmL10
28,MmL12
8,MUy10
1,MvD10
7,MyS10
1,NCs10
3,NCs10
1,NLB10
7,NLB11
7,PCa10
7,PDc10
35,PTA10
7,PTA12
3,PtC10
9,RCh10
1,SBo10
3,ScW10
3,ScW13
4,SGa10
7,SKe10
7,SlB10
3,SlB10
10,SmW1
1,SmW3
35,SmW3
8,SSv10
7,STu10
7,STu11
3,TSy10
7,TSy10
7,TSy12
3,TSy12
1,TVb10
7,TVi10
7,VCH10
4,VHd10
1,xDv10
35,YRu10
1,YRu10
17,XWZ15
18,XWZ15
1,Z9730
2,Z9750
35,Z9780
12,Z9783
3,Z9783
14,Z9788
15,Z9790
2,AAm10
1,AKl10
14,ACh10
120,ASt10
15,AtB11
16,ATk10
16,Atk12
3,AWe10
1,AxB10
1,BCo10
16,BCo10
121,BrD11
14,BPl10
1,BYa10
1,CAd10
1,CLi10
13,CrC10
2,DDk10
11,DDk10
26,DDk10
7,DEl10
1,DMc1
15,DMy5
15,DMy10
7,DRo10
26,DRo10
7,DvD10
1,EDr10
9,EHe10
2,ESk10
7,EwD10
14,EwD10
3,FCr10
7,FCr10
7,FCr11
14,Fdu10
7,FOp10
20,GGy10
12,GyR10
7,GyR10
7,IFo10
25,IKu10
7,IRo10
107,IRo10
2,IPi10
15,JBk10
16,JDm10
2,JfB10
122,JGK2
14,JHa10
4,JHq10
26,JJC10
1,JKr10
7,JKr10
1,JPe10
7,JSp1
14,JKt10
8,KLg10
1,LCl10
35,LCl10
1,MaA10
7,MaI10
4,MEk10
16,MiM10
16,MiM13
7,MiM10
7,MJu10
3,MnP10
1,MnP10
1,MPo10
1,MrF10
7,MRh10
1,MSJ10
15,MWz10
19,NAb10
25,NHa10
1,NcG10
107,NMe10
7,NVe10
26,NVe10
14,NVg10
1,PAn10
3,PAu10
7,PBe10
1,PHo10
7,PtP10
2,QuL10
25,RgH10
3,RLG10
17,RWc10
1,RWc10
1,SdG1
1,SDv10
7,SfS10
7,SGu10
3,SGu10
2,SGu10
17,SKa10
7,SmS10
15,SNo10
1,SpS10
1,SRu10
1,SSb10
123,SSb12
7,StE10
8,SuF10
1,SwS10
2,SwS10
7,SwS10
1,TBe1
1,TFg1
1,TiH10
1,TJk10
35,TPa10
7,TPa10
14,TPa15
10,TTy10
10,TyK10
7,VGa10
7,VGa12
25,VMi10
1,USt10
3,USt10
107,vSM10
1,xPr10
7,xPr10
124,xSa10
7,Z9820
12,Z9830
10,Z9840
1,Z9895
8,ACo10
1,AGi10
14,AeP10
1,SAo10
1,ArJ10
17,ASv10
2,BPi10
100,BPi10
2,CNo1
3,BMc10
7,BMc10
8,CrS10
7,DFg10
8,DgB10
7,DiK10
3,DiK10
2,DLv10
3,DLv10
8,DzJ10
3,EZo10
3,GAg10
1,GeH10
7,GJu1
20,GRt1
2,HFa1
8,HHm10
4,HHm10
14,HyM10
12,HyM10
8,IvN10
17,JgW10
1,JgW10
1,JnC1
3,JnC10
4,JqM10
8,KPe10
1,KPe10
20,KvG10
4,KvG10
1,LBF10
10,LMo10
1,LMy1
1,LMy3
7,LMy3
16,LUl10
21,LyR1
5,MBk10
35,MGP10
3,MlP10
7,MlP10
1,MMj10
10,MMj10
7,MMy10
20,MMy10
3,MVe10
8,NtB10
8,NtB10
8,PdF10
14,PeL10
1,PeK10
1,PMz10
17,PMz10
7,PWz10
25,RGo10
8,RkB10
4,RkB10
3,RMt10
25,RsG10
8,RWd10
1,SMe1
8,SMf10
107,SyT10
1,TGw10
3,TGw10
2,TMt10
3,TnM10
1,TnM10
1,TRo1
8,VFu10
13,VNa10
15,VNa10
18,xCh10
7,Z9920
13,Z9950
35,Z9950
33,Z9955
1,Z9960
21,Z9970
14,Z9995
16,AiE10
3,DdD10
8,GLw10
35,GLw10
1,ILy10
1,JCu10
16,JmC10
4,JmC10
7,KIW10
15,KIW10
7,SCr10
25,SCs10
8,ADm10
2,DMl10
72,JGz1
2,MCf10
3,NcM10
7,NcM10
3,RLu10
7,RLu10
3,SfG1
3,SfG1
3,SMg10
16,JeN10
1,TFd10
1,JSx0
48,MFo10
